Departamento,Distrito,Provincia,Ubigeo (Dip16.Shp),numero_muertes,numero_casos,ocntrol1,Texto_casos,numero_casos _confirmados,Texto_casos_confirmados,Texto_muertes,Ubigeo,texto_Titulo,Año,Eventos o daños,Semana,Casos,Casos acumulados,Casos confirmados acumulados,Defunciones acumuladas,Geometría
LORETO,BALSAPUERTO,ALTO AMAZONAS,160202,0 defunción ,17 casos ,17160202,"BALSAPUERTO, ALTO AMAZONAS, LORETO",3 casos ,"BALSAPUERTO, ALTO AMAZONAS, LORETO","BALSAPUERTO, ALTO AMAZONAS, LORETO",160202,Situación actual de Dengue. semana epidemiológica ,2023,Dengue,13,1,17,3,0,Polygon
LAMBAYEQUE,LAMBAYEQUE,LAMBAYEQUE,140301,0 defunción ,10 casos ,10140301,"LAMBAYEQUE, LAMBAYEQUE, LAMBAYEQUE",9 casos ,"LAMBAYEQUE, LAMBAYEQUE, LAMBAYEQUE","LAMBAYEQUE, LAMBAYEQUE, LAMBAYEQUE",140301,Situación actual de Dengue. semana epidemiológica ,2023,Dengue,13,4,10,9,0,Polygon
MADRE DE DIOS,LAS PIEDRAS,TAMBOPATA,170103,0 defunción ,169 casos ,169170103,"LAS PIEDRAS, TAMBOPATA, MADRE DE DIOS",163 casos ,"LAS PIEDRAS, TAMBOPATA, MADRE DE DIOS","LAS PIEDRAS, TAMBOPATA, MADRE DE DIOS",170103,Situación actual de Dengue. semana epidemiológica ,2023,Dengue,13,1,169,163,0,Polygon
AMAZONAS,VISTA ALEGRE,RODRIGUEZ DE MENDOZA,010612,0 defunción ,1 caso ,1010612,"VISTA ALEGRE, RODRIGUEZ DE MENDOZA, AMAZONAS",0 caso ,"VISTA ALEGRE, RODRIGUEZ DE MENDOZA, AMAZONAS","VISTA ALEGRE, RODRIGUEZ DE MENDOZA, AMAZONAS",010612,Situación actual de Dengue. semana epidemiológica ,2023,Dengue,13,1,1,0,0,Polygon
SAN MARTIN,YURACYACU,RIOJA,220809,0 defunción ,4 casos ,4220809,"YURACYACU, RIOJA, SAN MARTIN",0 caso ,"YURACYACU, RIOJA, SAN MARTIN","YURACYACU, RIOJA, SAN MARTIN",220809,Situación actual de Dengue. semana epidemiológica ,2023,Dengue,13,1,4,0,0,Polygon
MADRE DE DIOS,LABERINTO,TAMBOPATA,170104,0 defunción ,57 casos ,57170104,"LABERINTO, TAMBOPATA, MADRE DE DIOS",53 casos ,"LABERINTO, TAMBOPATA, MADRE DE DIOS","LABERINTO, TAMBOPATA, MADRE DE DIOS",170104,Situación actual de Dengue. semana epidemiológica ,2023,Dengue,13,1,57,53,0,Polygon
LA LIBERTAD,CHICAMA,ASCOPE,130202,0 defunción ,1 caso ,1130202,"CHICAMA, ASCOPE, LA LIBERTAD",0 caso ,"CHICAMA, ASCOPE, LA LIBERTAD","CHICAMA, ASCOPE, LA LIBERTAD",130202,Situación actual de Dengue. semana epidemiológica ,2023,Dengue,13,1,1,0,0,Polygon
AYACUCHO,LLOCHEGUA,HUANTA,050408,0 defunción ,19 casos ,19050408,"LLOCHEGUA, HUANTA, AYACUCHO",12 casos ,"LLOCHEGUA, HUANTA, AYACUCHO","LLOCHEGUA, HUANTA, AYACUCHO",050408,Situación actual de Dengue. semana epidemiológica ,2023,Dengue,13,4,19,12,0,Polygon
LIMA,VILLA MARIA DEL TRIUNFO,LIMA,150143,0 defunción ,9 casos ,9150143,"VILLA MARIA DEL TRIUNFO, LIMA, LIMA",3 casos ,"VILLA MARIA DEL TRIUNFO, LIMA, LIMA","VILLA MARIA DEL TRIUNFO, LIMA, LIMA",150143,Situación actual de Dengue. semana epidemiológica ,2023,Dengue,13,1,9,3,0,Polygon
LAMBAYEQUE,POMALCA,CHICLAYO,140118,0 defunción ,6 casos ,6140118,"POMALCA, CHICLAYO, LAMBAYEQUE",5 casos ,"POMALCA, CHICLAYO, LAMBAYEQUE","POMALCA, CHICLAYO, LAMBAYEQUE",140118,Situación actual de Dengue. semana epidemiológica ,2023,Dengue,13,1,6,5,0,Polygon
AYACUCHO,SIVIA,HUANTA,050407,0 defunción ,136 casos ,136050407,"SIVIA, HUANTA, AYACUCHO",126 casos ,"SIVIA, HUANTA, AYACUCHO","SIVIA, HUANTA, AYACUCHO",050407,Situación actual de Dengue. semana epidemiológica ,2023,Dengue,13,11,136,126,0,Polygon
HUANUCO,MARIANO DAMASO BERAUN,LEONCIO PRADO,100606,0 defunción ,58 casos ,58100606,"MARIANO DAMASO BERAUN, LEONCIO PRADO, HUANUCO",40 casos ,"MARIANO DAMASO BERAUN, LEONCIO PRADO, HUANUCO","MARIANO DAMASO BERAUN, LEONCIO PRADO, HUANUCO",100606,Situación actual de Dengue. semana epidemiológica ,2023,Dengue,13,6,58,40,0,Polygon
UCAYALI,CAMPOVERDE,CORONEL PORTILLO,250102,0 defunción ,146 casos ,146250102,"CAMPOVERDE, CORONEL PORTILLO, UCAYALI",113 casos ,"CAMPOVERDE, CORONEL PORTILLO, UCAYALI","CAMPOVERDE, CORONEL PORTILLO, UCAYALI",250102,Situación actual de Dengue. semana epidemiológica ,2023,Dengue,13,2,146,113,0,Polygon
PASCO,VILLA RICA,OXAPAMPA,190307,0 defunción ,13 casos ,13190307,"VILLA RICA, OXAPAMPA, PASCO",8 casos ,"VILLA RICA, OXAPAMPA, PASCO","VILLA RICA, OXAPAMPA, PASCO",190307,Situación actual de Dengue. semana epidemiológica ,2023,Dengue,13,4,13,8,0,Polygon
LORETO,LAS AMAZONAS,MAYNAS,160105,0 defunción ,7 casos ,7160105,"LAS AMAZONAS, MAYNAS, LORETO",5 casos ,"LAS AMAZONAS, MAYNAS, LORETO","LAS AMAZONAS, MAYNAS, LORETO",160105,Situación actual de Dengue. semana epidemiológica ,2023,Dengue,13,1,7,5,0,Polygon
HUANUCO,DANIEL ALOMIA ROBLES,LEONCIO PRADO,100602,0 defunción ,29 casos ,29100602,"DANIEL ALOMIA ROBLES, LEONCIO PRADO, HUANUCO",16 casos ,"DANIEL ALOMIA ROBLES, LEONCIO PRADO, HUANUCO","DANIEL ALOMIA ROBLES, LEONCIO PRADO, HUANUCO",100602,Situación actual de Dengue. semana epidemiológica ,2023,Dengue,13,1,29,16,0,Polygon
LORETO,TIGRE,LORETO,160303,0 defunción ,20 casos ,20160303,"TIGRE, LORETO, LORETO",4 casos ,"TIGRE, LORETO, LORETO","TIGRE, LORETO, LORETO",160303,Situación actual de Dengue. semana epidemiológica ,2023,Dengue,13,3,20,4,0,Polygon
MADRE DE DIOS,TAMBOPATA,TAMBOPATA,170101,1 defunción ,884 casos ,884170101,"TAMBOPATA, TAMBOPATA, MADRE DE DIOS",838 casos ,"TAMBOPATA, TAMBOPATA, MADRE DE DIOS","TAMBOPATA, TAMBOPATA, MADRE DE DIOS",170101,Situación actual de Dengue. semana epidemiológica ,2023,Dengue,13,3,884,838,1,Polygon
LORETO,FERNANDO LORES,MAYNAS,160103,0 defunción ,31 casos ,31160103,"FERNANDO LORES, MAYNAS, LORETO",23 casos ,"FERNANDO LORES, MAYNAS, LORETO","FERNANDO LORES, MAYNAS, LORETO",160103,Situación actual de Dengue. semana epidemiológica ,2023,Dengue,13,6,31,23,0,Polygon
LAMBAYEQUE,SALAS,LAMBAYEQUE,140310,0 defunción ,1 caso ,1140310,"SALAS, LAMBAYEQUE, LAMBAYEQUE",1 caso ,"SALAS, LAMBAYEQUE, LAMBAYEQUE","SALAS, LAMBAYEQUE, LAMBAYEQUE",140310,Situación actual de Dengue. semana epidemiológica ,2023,Dengue,13,1,1,1,0,Polygon
PIURA,SAN JUAN DE BIGOTE,MORROPON,200407,0 defunción ,19 casos ,19200407,"SAN JUAN DE BIGOTE, MORROPON, PIURA",3 casos ,"SAN JUAN DE BIGOTE, MORROPON, PIURA","SAN JUAN DE BIGOTE, MORROPON, PIURA",200407,Situación actual de Dengue. semana epidemiológica ,2023,Dengue,13,2,19,3,0,Polygon
CALLAO,VENTANILLA,CALLAO,070106,0 defunción ,29 casos ,29070106,"VENTANILLA, CALLAO, CALLAO",9 casos ,"VENTANILLA, CALLAO, CALLAO","VENTANILLA, CALLAO, CALLAO",070106,Situación actual de Dengue. semana epidemiológica ,2023,Dengue,13,19,29,9,0,Polygon
TUMBES,TUMBES,TUMBES,240101,0 defunción ,230 casos ,230240101,"TUMBES, TUMBES, TUMBES",9 casos ,"TUMBES, TUMBES, TUMBES","TUMBES, TUMBES, TUMBES",240101,Situación actual de Dengue. semana epidemiológica ,2023,Dengue,13,59,230,9,0,Polygon
AMAZONAS,RIO SANTIAGO,CONDORCANQUI,010403,0 defunción ,28 casos ,28010403,"RIO SANTIAGO, CONDORCANQUI, AMAZONAS",7 casos ,"RIO SANTIAGO, CONDORCANQUI, AMAZONAS","RIO SANTIAGO, CONDORCANQUI, AMAZONAS",010403,Situación actual de Dengue. semana epidemiológica ,2023,Dengue,13,3,28,7,0,Polygon
SAN MARTIN,ELIAS SOPLIN VARGAS,RIOJA,220803,0 defunción ,36 casos ,36220803,"ELIAS SOPLIN VARGAS, RIOJA, SAN MARTIN",16 casos ,"ELIAS SOPLIN VARGAS, RIOJA, SAN MARTIN","ELIAS SOPLIN VARGAS, RIOJA, SAN MARTIN",220803,Situación actual de Dengue. semana epidemiológica ,2023,Dengue,13,4,36,16,0,Polygon
UCAYALI,MASISEA,CORONEL PORTILLO,250104,0 defunción ,104 casos ,104250104,"MASISEA, CORONEL PORTILLO, UCAYALI",16 casos ,"MASISEA, CORONEL PORTILLO, UCAYALI","MASISEA, CORONEL PORTILLO, UCAYALI",250104,Situación actual de Dengue. semana epidemiológica ,2023,Dengue,13,1,104,16,0,Polygon
ANCASH,CHIMBOTE,SANTA,021801,0 defunción ,2 casos ,2021801,"CHIMBOTE, SANTA, ANCASH",0 caso ,"CHIMBOTE, SANTA, ANCASH","CHIMBOTE, SANTA, ANCASH",021801,Situación actual de Dengue. semana epidemiológica ,2023,Dengue,13,1,2,0,0,Polygon
AYACUCHO,SANTA ROSA,LA MAR,050507,0 defunción ,36 casos ,36050507,"SANTA ROSA, LA MAR, AYACUCHO",26 casos ,"SANTA ROSA, LA MAR, AYACUCHO","SANTA ROSA, LA MAR, AYACUCHO",050507,Situación actual de Dengue. semana epidemiológica ,2023,Dengue,13,11,36,26,0,Polygon
ICA,PISCO,PISCO,110501,1 defunción ,38 casos ,38110501,"PISCO, PISCO, ICA",5 casos ,"PISCO, PISCO, ICA","PISCO, PISCO, ICA",110501,Situación actual de Dengue. semana epidemiológica ,2023,Dengue,13,10,38,5,1,Polygon
UCAYALI,RAIMONDI,ATALAYA,250201,0 defunción ,262 casos ,262250201,"RAIMONDI, ATALAYA, UCAYALI",22 casos ,"RAIMONDI, ATALAYA, UCAYALI","RAIMONDI, ATALAYA, UCAYALI",250201,Situación actual de Dengue. semana epidemiológica ,2023,Dengue,13,17,262,22,0,Polygon
PIURA,PAITA,PAITA,200501,0 defunción ,211 casos ,211200501,"PAITA, PAITA, PIURA",20 casos ,"PAITA, PAITA, PIURA","PAITA, PAITA, PIURA",200501,Situación actual de Dengue. semana epidemiológica ,2023,Dengue,13,52,211,20,0,Polygon
PIURA,BELLAVISTA DE LA UNION,SECHURA,200802,0 defunción ,11 casos ,11200802,"BELLAVISTA DE LA UNION, SECHURA, PIURA",0 caso ,"BELLAVISTA DE LA UNION, SECHURA, PIURA","BELLAVISTA DE LA UNION, SECHURA, PIURA",200802,Situación actual de Dengue. semana epidemiológica ,2023,Dengue,13,5,11,0,0,Polygon
HUANUCO,MONZON,HUAMALIES,100507,0 defunción ,43 casos ,43100507,"MONZON, HUAMALIES, HUANUCO",14 casos ,"MONZON, HUAMALIES, HUANUCO","MONZON, HUAMALIES, HUANUCO",100507,Situación actual de Dengue. semana epidemiológica ,2023,Dengue,13,3,43,14,0,Polygon
AYACUCHO,AYNA,LA MAR,050503,0 defunción ,82 casos ,82050503,"AYNA, LA MAR, AYACUCHO",77 casos ,"AYNA, LA MAR, AYACUCHO","AYNA, LA MAR, AYACUCHO",050503,Situación actual de Dengue. semana epidemiológica ,2023,Dengue,13,4,82,77,0,Polygon
ICA,LOS AQUIJES,ICA,110103,0 defunción ,64 casos ,64110103,"LOS AQUIJES, ICA, ICA",2 casos ,"LOS AQUIJES, ICA, ICA","LOS AQUIJES, ICA, ICA",110103,Situación actual de Dengue. semana epidemiológica ,2023,Dengue,13,11,64,2,0,Polygon
SAN MARTIN,SAN RAFAEL,BELLAVISTA,220206,0 defunción ,12 casos ,12220206,"SAN RAFAEL, BELLAVISTA, SAN MARTIN",8 casos ,"SAN RAFAEL, BELLAVISTA, SAN MARTIN","SAN RAFAEL, BELLAVISTA, SAN MARTIN",220206,Situación actual de Dengue. semana epidemiológica ,2023,Dengue,13,1,12,8,0,Polygon
LAMBAYEQUE,PACORA,LAMBAYEQUE,140309,0 defunción ,6 casos ,6140309,"PACORA, LAMBAYEQUE, LAMBAYEQUE",2 casos ,"PACORA, LAMBAYEQUE, LAMBAYEQUE","PACORA, LAMBAYEQUE, LAMBAYEQUE",140309,Situación actual de Dengue. semana epidemiológica ,2023,Dengue,13,1,6,2,0,Polygon
ICA,GROCIO PRADO,CHINCHA,110206,0 defunción ,47 casos ,47110206,"GROCIO PRADO, CHINCHA, ICA",5 casos ,"GROCIO PRADO, CHINCHA, ICA","GROCIO PRADO, CHINCHA, ICA",110206,Situación actual de Dengue. semana epidemiológica ,2023,Dengue,13,22,47,5,0,Polygon
ICA,SALAS,ICA,110108,0 defunción ,38 casos ,38110108,"SALAS, ICA, ICA",4 casos ,"SALAS, ICA, ICA","SALAS, ICA, ICA",110108,Situación actual de Dengue. semana epidemiológica ,2023,Dengue,13,5,38,4,0,Polygon
JUNIN,PANGOA,SATIPO,120606,0 defunción ,109 casos ,109120606,"PANGOA, SATIPO, JUNIN",106 casos ,"PANGOA, SATIPO, JUNIN","PANGOA, SATIPO, JUNIN",120606,Situación actual de Dengue. semana epidemiológica ,2023,Dengue,13,6,109,106,0,Polygon
ICA,INDEPENDENCIA,PISCO,110504,0 defunción ,7 casos ,7110504,"INDEPENDENCIA, PISCO, ICA",2 casos ,"INDEPENDENCIA, PISCO, ICA","INDEPENDENCIA, PISCO, ICA",110504,Situación actual de Dengue. semana epidemiológica ,2023,Dengue,13,4,7,2,0,Polygon
PIURA,MARCAVELICA,SULLANA,200605,0 defunción ,206 casos ,206200605,"MARCAVELICA, SULLANA, PIURA",46 casos ,"MARCAVELICA, SULLANA, PIURA","MARCAVELICA, SULLANA, PIURA",200605,Situación actual de Dengue. semana epidemiológica ,2023,Dengue,13,80,206,46,0,Polygon
LIMA,ATE,LIMA,150103,0 defunción ,76 casos ,76150103,"ATE, LIMA, LIMA",4 casos ,"ATE, LIMA, LIMA","ATE, LIMA, LIMA",150103,Situación actual de Dengue. semana epidemiológica ,2023,Dengue,13,27,76,4,0,Polygon
CALLAO,MI PERU,CALLAO,070107,0 defunción ,1 caso ,1070107,"MI PERU, CALLAO, CALLAO",0 caso ,"MI PERU, CALLAO, CALLAO","MI PERU, CALLAO, CALLAO",070107,Situación actual de Dengue. semana epidemiológica ,2023,Dengue,13,1,1,0,0,Polygon
CAJAMARCA,JAEN,JAEN,060801,1 defunción ,862 casos ,862060801,"JAEN, JAEN, CAJAMARCA",790 casos ,"JAEN, JAEN, CAJAMARCA","JAEN, JAEN, CAJAMARCA",060801,Situación actual de Dengue. semana epidemiológica ,2023,Dengue,13,153,862,790,1,Polygon
CUSCO,MACHUPICCHU,URUBAMBA,081304,0 defunción ,1 caso ,1081304,"MACHUPICCHU, URUBAMBA, CUSCO",0 caso ,"MACHUPICCHU, URUBAMBA, CUSCO","MACHUPICCHU, URUBAMBA, CUSCO",081304,Situación actual de Dengue. semana epidemiológica ,2023,Dengue,13,1,1,0,0,Polygon
JUNIN,LLAYLLA,SATIPO,120603,0 defunción ,10 casos ,10120603,"LLAYLLA, SATIPO, JUNIN",9 casos ,"LLAYLLA, SATIPO, JUNIN","LLAYLLA, SATIPO, JUNIN",120603,Situación actual de Dengue. semana epidemiológica ,2023,Dengue,13,2,10,9,0,Polygon
LAMBAYEQUE,JOSE LEONARDO ORTIZ,CHICLAYO,140105,0 defunción ,44 casos ,44140105,"JOSE LEONARDO ORTIZ, CHICLAYO, LAMBAYEQUE",34 casos ,"JOSE LEONARDO ORTIZ, CHICLAYO, LAMBAYEQUE","JOSE LEONARDO ORTIZ, CHICLAYO, LAMBAYEQUE",140105,Situación actual de Dengue. semana epidemiológica ,2023,Dengue,13,8,44,34,0,Polygon
AMAZONAS,EL MILAGRO,UTCUBAMBA,010704,0 defunción ,35 casos ,35010704,"EL MILAGRO, UTCUBAMBA, AMAZONAS",34 casos ,"EL MILAGRO, UTCUBAMBA, AMAZONAS","EL MILAGRO, UTCUBAMBA, AMAZONAS",010704,Situación actual de Dengue. semana epidemiológica ,2023,Dengue,13,2,35,34,0,Polygon
PIURA,SULLANA,SULLANA,200601,2 defunciones ,1098 casos ,1098200601,"SULLANA, SULLANA, PIURA",136 casos ,"SULLANA, SULLANA, PIURA","SULLANA, SULLANA, PIURA",200601,Situación actual de Dengue. semana epidemiológica ,2023,Dengue,13,434,1098,136,2,Polygon
LAMBAYEQUE,FERREÑAFE,FERREÑAFE,140201,0 defunción ,63 casos ,63140201,"FERREÑAFE, FERREÑAFE, LAMBAYEQUE",58 casos ,"FERREÑAFE, FERREÑAFE, LAMBAYEQUE","FERREÑAFE, FERREÑAFE, LAMBAYEQUE",140201,Situación actual de Dengue. semana epidemiológica ,2023,Dengue,13,15,63,58,0,Polygon
LA LIBERTAD,PUEBLO NUEVO,CHEPEN,130403,0 defunción ,7 casos ,7130403,"PUEBLO NUEVO, CHEPEN, LA LIBERTAD",0 caso ,"PUEBLO NUEVO, CHEPEN, LA LIBERTAD","PUEBLO NUEVO, CHEPEN, LA LIBERTAD",130403,Situación actual de Dengue. semana epidemiológica ,2023,Dengue,13,5,7,0,0,Polygon
LIMA,CANTA,CANTA,150401,0 defunción ,1 caso ,1150401,"CANTA, CANTA, LIMA",0 caso ,"CANTA, CANTA, LIMA","CANTA, CANTA, LIMA",150401,Situación actual de Dengue. semana epidemiológica ,2023,Dengue,13,1,1,0,0,Polygon
MADRE DE DIOS,INAMBARI,TAMBOPATA,170102,0 defunción ,136 casos ,136170102,"INAMBARI, TAMBOPATA, MADRE DE DIOS",133 casos ,"INAMBARI, TAMBOPATA, MADRE DE DIOS","INAMBARI, TAMBOPATA, MADRE DE DIOS",170102,Situación actual de Dengue. semana epidemiológica ,2023,Dengue,13,2,136,133,0,Polygon
PIURA,MIGUEL CHECA,SULLANA,200606,0 defunción ,45 casos ,45200606,"MIGUEL CHECA, SULLANA, PIURA",3 casos ,"MIGUEL CHECA, SULLANA, PIURA","MIGUEL CHECA, SULLANA, PIURA",200606,Situación actual de Dengue. semana epidemiológica ,2023,Dengue,13,12,45,3,0,Polygon
LORETO,RAMON CASTILLA,MARISCAL RAMON CASTILLA,160401,0 defunción ,278 casos ,278160401,"RAMON CASTILLA, MARISCAL RAMON CASTILLA, LORETO",142 casos ,"RAMON CASTILLA, MARISCAL RAMON CASTILLA, LORETO","RAMON CASTILLA, MARISCAL RAMON CASTILLA, LORETO",160401,Situación actual de Dengue. semana epidemiológica ,2023,Dengue,13,8,278,142,0,Polygon
AMAZONAS,ARAMANGO,BAGUA,010202,0 defunción ,18 casos ,18010202,"ARAMANGO, BAGUA, AMAZONAS",17 casos ,"ARAMANGO, BAGUA, AMAZONAS","ARAMANGO, BAGUA, AMAZONAS",010202,Situación actual de Dengue. semana epidemiológica ,2023,Dengue,13,1,18,17,0,Polygon
LIMA,COMAS,LIMA,150110,0 defunción ,49 casos ,49150110,"COMAS, LIMA, LIMA",31 casos ,"COMAS, LIMA, LIMA","COMAS, LIMA, LIMA",150110,Situación actual de Dengue. semana epidemiológica ,2023,Dengue,13,4,49,31,0,Polygon
CUSCO,ECHARATE,LA CONVENCION,080902,0 defunción ,46 casos ,46080902,"ECHARATE, LA CONVENCION, CUSCO",23 casos ,"ECHARATE, LA CONVENCION, CUSCO","ECHARATE, LA CONVENCION, CUSCO",080902,Situación actual de Dengue. semana epidemiológica ,2023,Dengue,13,16,46,23,0,Polygon
LAMBAYEQUE,LA VICTORIA,CHICLAYO,140106,0 defunción ,12 casos ,12140106,"LA VICTORIA, CHICLAYO, LAMBAYEQUE",12 casos ,"LA VICTORIA, CHICLAYO, LAMBAYEQUE","LA VICTORIA, CHICLAYO, LAMBAYEQUE",140106,Situación actual de Dengue. semana epidemiológica ,2023,Dengue,13,3,12,12,0,Polygon
LAMBAYEQUE,CHICLAYO,CHICLAYO,140101,1 defunción ,125 casos ,125140101,"CHICLAYO, CHICLAYO, LAMBAYEQUE",107 casos ,"CHICLAYO, CHICLAYO, LAMBAYEQUE","CHICLAYO, CHICLAYO, LAMBAYEQUE",140101,Situación actual de Dengue. semana epidemiológica ,2023,Dengue,13,38,125,107,1,Polygon
ICA,CHINCHA BAJA,CHINCHA,110204,0 defunción ,3 casos ,3110204,"CHINCHA BAJA, CHINCHA, ICA",0 caso ,"CHINCHA BAJA, CHINCHA, ICA","CHINCHA BAJA, CHINCHA, ICA",110204,Situación actual de Dengue. semana epidemiológica ,2023,Dengue,13,2,3,0,0,Polygon
ICA,LA TINGUIÑA,ICA,110102,0 defunción ,38 casos ,38110102,"LA TINGUIÑA, ICA, ICA",2 casos ,"LA TINGUIÑA, ICA, ICA","LA TINGUIÑA, ICA, ICA",110102,Situación actual de Dengue. semana epidemiológica ,2023,Dengue,13,11,38,2,0,Polygon
LORETO,MORONA,DATEM DEL MARAÑON,160704,0 defunción ,80 casos ,80160704,"MORONA, DATEM DEL MARAÑON, LORETO",24 casos ,"MORONA, DATEM DEL MARAÑON, LORETO","MORONA, DATEM DEL MARAÑON, LORETO",160704,Situación actual de Dengue. semana epidemiológica ,2023,Dengue,13,3,80,24,0,Polygon
SAN MARTIN,SORITOR,MOYOBAMBA,220105,0 defunción ,37 casos ,37220105,"SORITOR, MOYOBAMBA, SAN MARTIN",25 casos ,"SORITOR, MOYOBAMBA, SAN MARTIN","SORITOR, MOYOBAMBA, SAN MARTIN",220105,Situación actual de Dengue. semana epidemiológica ,2023,Dengue,13,13,37,25,0,Polygon
SAN MARTIN,NUEVA CAJAMARCA,RIOJA,220804,0 defunción ,58 casos ,58220804,"NUEVA CAJAMARCA, RIOJA, SAN MARTIN",24 casos ,"NUEVA CAJAMARCA, RIOJA, SAN MARTIN","NUEVA CAJAMARCA, RIOJA, SAN MARTIN",220804,Situación actual de Dengue. semana epidemiológica ,2023,Dengue,13,13,58,24,0,Polygon
JUNIN,CHANCHAMAYO,CHANCHAMAYO,120301,0 defunción ,192 casos ,192120301,"CHANCHAMAYO, CHANCHAMAYO, JUNIN",183 casos ,"CHANCHAMAYO, CHANCHAMAYO, JUNIN","CHANCHAMAYO, CHANCHAMAYO, JUNIN",120301,Situación actual de Dengue. semana epidemiológica ,2023,Dengue,13,13,192,183,0,Polygon
PIURA,BUENOS AIRES,MORROPON,200402,0 defunción ,19 casos ,19200402,"BUENOS AIRES, MORROPON, PIURA",0 caso ,"BUENOS AIRES, MORROPON, PIURA","BUENOS AIRES, MORROPON, PIURA",200402,Situación actual de Dengue. semana epidemiológica ,2023,Dengue,13,4,19,0,0,Polygon
SAN MARTIN,PICOTA,PICOTA,220701,0 defunción ,18 casos ,18220701,"PICOTA, PICOTA, SAN MARTIN",12 casos ,"PICOTA, PICOTA, SAN MARTIN","PICOTA, PICOTA, SAN MARTIN",220701,Situación actual de Dengue. semana epidemiológica ,2023,Dengue,13,1,18,12,0,Polygon
PIURA,LA ARENA,PIURA,200109,0 defunción ,106 casos ,106200109,"LA ARENA, PIURA, PIURA",46 casos ,"LA ARENA, PIURA, PIURA","LA ARENA, PIURA, PIURA",200109,Situación actual de Dengue. semana epidemiológica ,2023,Dengue,13,26,106,46,0,Polygon
ANCASH,CASMA,CASMA,020801,0 defunción ,8 casos ,8020801,"CASMA, CASMA, ANCASH",5 casos ,"CASMA, CASMA, ANCASH","CASMA, CASMA, ANCASH",020801,Situación actual de Dengue. semana epidemiológica ,2023,Dengue,13,3,8,5,0,Polygon
PIURA,TAMBO GRANDE,PIURA,200114,0 defunción ,367 casos ,367200114,"TAMBO GRANDE, PIURA, PIURA",52 casos ,"TAMBO GRANDE, PIURA, PIURA","TAMBO GRANDE, PIURA, PIURA",200114,Situación actual de Dengue. semana epidemiológica ,2023,Dengue,13,137,367,52,0,Polygon
PIURA,PIURA,PIURA,200101,1 defunción ,652 casos ,652200101,"PIURA, PIURA, PIURA",275 casos ,"PIURA, PIURA, PIURA","PIURA, PIURA, PIURA",200101,Situación actual de Dengue. semana epidemiológica ,2023,Dengue,13,167,652,275,1,Polygon
LORETO,BELEN,MAYNAS,160112,0 defunción ,127 casos ,127160112,"BELEN, MAYNAS, LORETO",93 casos ,"BELEN, MAYNAS, LORETO","BELEN, MAYNAS, LORETO",160112,Situación actual de Dengue. semana epidemiológica ,2023,Dengue,13,17,127,93,0,Polygon
SAN MARTIN,SAN FERNANDO,RIOJA,220807,0 defunción ,10 casos ,10220807,"SAN FERNANDO, RIOJA, SAN MARTIN",1 caso ,"SAN FERNANDO, RIOJA, SAN MARTIN","SAN FERNANDO, RIOJA, SAN MARTIN",220807,Situación actual de Dengue. semana epidemiológica ,2023,Dengue,13,7,10,1,0,Polygon
LAMBAYEQUE,PITIPO,FERREÑAFE,140205,0 defunción ,63 casos ,63140205,"PITIPO, FERREÑAFE, LAMBAYEQUE",61 casos ,"PITIPO, FERREÑAFE, LAMBAYEQUE","PITIPO, FERREÑAFE, LAMBAYEQUE",140205,Situación actual de Dengue. semana epidemiológica ,2023,Dengue,13,14,63,61,0,Polygon
SAN MARTIN,SHANAO,LAMAS,220509,0 defunción ,22 casos ,22220509,"SHANAO, LAMAS, SAN MARTIN",10 casos ,"SHANAO, LAMAS, SAN MARTIN","SHANAO, LAMAS, SAN MARTIN",220509,Situación actual de Dengue. semana epidemiológica ,2023,Dengue,13,1,22,10,0,Polygon
LAMBAYEQUE,OLMOS,LAMBAYEQUE,140308,0 defunción ,22 casos ,22140308,"OLMOS, LAMBAYEQUE, LAMBAYEQUE",17 casos ,"OLMOS, LAMBAYEQUE, LAMBAYEQUE","OLMOS, LAMBAYEQUE, LAMBAYEQUE",140308,Situación actual de Dengue. semana epidemiológica ,2023,Dengue,13,4,22,17,0,Polygon
LA LIBERTAD,PAIJAN,ASCOPE,130205,0 defunción ,12 casos ,12130205,"PAIJAN, ASCOPE, LA LIBERTAD",3 casos ,"PAIJAN, ASCOPE, LA LIBERTAD","PAIJAN, ASCOPE, LA LIBERTAD",130205,Situación actual de Dengue. semana epidemiológica ,2023,Dengue,13,1,12,3,0,Polygon
AMAZONAS,COPALLIN,BAGUA,010203,0 defunción ,63 casos ,63010203,"COPALLIN, BAGUA, AMAZONAS",63 casos ,"COPALLIN, BAGUA, AMAZONAS","COPALLIN, BAGUA, AMAZONAS",010203,Situación actual de Dengue. semana epidemiológica ,2023,Dengue,13,2,63,63,0,Polygon
LAMBAYEQUE,PICSI,CHICLAYO,140111,0 defunción ,64 casos ,64140111,"PICSI, CHICLAYO, LAMBAYEQUE",61 casos ,"PICSI, CHICLAYO, LAMBAYEQUE","PICSI, CHICLAYO, LAMBAYEQUE",140111,Situación actual de Dengue. semana epidemiológica ,2023,Dengue,13,20,64,61,0,Polygon
SAN MARTIN,PUCACACA,PICOTA,220705,0 defunción ,7 casos ,7220705,"PUCACACA, PICOTA, SAN MARTIN",2 casos ,"PUCACACA, PICOTA, SAN MARTIN","PUCACACA, PICOTA, SAN MARTIN",220705,Situación actual de Dengue. semana epidemiológica ,2023,Dengue,13,4,7,2,0,Polygon
SAN MARTIN,LAMAS,LAMAS,220501,0 defunción ,104 casos ,104220501,"LAMAS, LAMAS, SAN MARTIN",35 casos ,"LAMAS, LAMAS, SAN MARTIN","LAMAS, LAMAS, SAN MARTIN",220501,Situación actual de Dengue. semana epidemiológica ,2023,Dengue,13,11,104,35,0,Polygon
CUSCO,HUAYOPATA,LA CONVENCION,080903,0 defunción ,1 caso ,1080903,"HUAYOPATA, LA CONVENCION, CUSCO",0 caso ,"HUAYOPATA, LA CONVENCION, CUSCO","HUAYOPATA, LA CONVENCION, CUSCO",080903,Situación actual de Dengue. semana epidemiológica ,2023,Dengue,13,1,1,0,0,Polygon
SAN MARTIN,PINTO RECODO,LAMAS,220506,0 defunción ,4 casos ,4220506,"PINTO RECODO, LAMAS, SAN MARTIN",2 casos ,"PINTO RECODO, LAMAS, SAN MARTIN","PINTO RECODO, LAMAS, SAN MARTIN",220506,Situación actual de Dengue. semana epidemiológica ,2023,Dengue,13,1,4,2,0,Polygon
TUMBES,AGUAS VERDES,ZARUMILLA,240302,0 defunción ,15 casos ,15240302,"AGUAS VERDES, ZARUMILLA, TUMBES",6 casos ,"AGUAS VERDES, ZARUMILLA, TUMBES","AGUAS VERDES, ZARUMILLA, TUMBES",240302,Situación actual de Dengue. semana epidemiológica ,2023,Dengue,13,4,15,6,0,Polygon
SAN MARTIN,TARAPOTO,SAN MARTIN,220901,2 defunciones ,236 casos ,236220901,"TARAPOTO, SAN MARTIN, SAN MARTIN",107 casos ,"TARAPOTO, SAN MARTIN, SAN MARTIN","TARAPOTO, SAN MARTIN, SAN MARTIN",220901,Situación actual de Dengue. semana epidemiológica ,2023,Dengue,13,23,236,107,2,Polygon
PIURA,COLAN,PAITA,200504,0 defunción ,49 casos ,49200504,"COLAN, PAITA, PIURA",0 caso ,"COLAN, PAITA, PIURA","COLAN, PAITA, PIURA",200504,Situación actual de Dengue. semana epidemiológica ,2023,Dengue,13,6,49,0,0,Polygon
CUSCO,VILLA KINTIARINA,LA CONVENCION,080913,0 defunción ,59 casos ,59080913,"VILLA KINTIARINA, LA CONVENCION, CUSCO",59 casos ,"VILLA KINTIARINA, LA CONVENCION, CUSCO","VILLA KINTIARINA, LA CONVENCION, CUSCO",080913,Situación actual de Dengue. semana epidemiológica ,2023,Dengue,13,12,59,59,0,Polygon
PIURA,SECHURA,SECHURA,200801,0 defunción ,150 casos ,150200801,"SECHURA, SECHURA, PIURA",36 casos ,"SECHURA, SECHURA, PIURA","SECHURA, SECHURA, PIURA",200801,Situación actual de Dengue. semana epidemiológica ,2023,Dengue,13,27,150,36,0,Polygon
SAN MARTIN,EL ESLABON,HUALLAGA,220403,0 defunción ,9 casos ,9220403,"EL ESLABON, HUALLAGA, SAN MARTIN",5 casos ,"EL ESLABON, HUALLAGA, SAN MARTIN","EL ESLABON, HUALLAGA, SAN MARTIN",220403,Situación actual de Dengue. semana epidemiológica ,2023,Dengue,13,1,9,5,0,Polygon
AMAZONAS,LONYA GRANDE,UTCUBAMBA,010706,0 defunción ,14 casos ,14010706,"LONYA GRANDE, UTCUBAMBA, AMAZONAS",9 casos ,"LONYA GRANDE, UTCUBAMBA, AMAZONAS","LONYA GRANDE, UTCUBAMBA, AMAZONAS",010706,Situación actual de Dengue. semana epidemiológica ,2023,Dengue,13,4,14,9,0,Polygon
LIMA,SANTA EULALIA,HUAROCHIRI,150728,0 defunción ,3 casos ,3150728,"SANTA EULALIA, HUAROCHIRI, LIMA",0 caso ,"SANTA EULALIA, HUAROCHIRI, LIMA","SANTA EULALIA, HUAROCHIRI, LIMA",150728,Situación actual de Dengue. semana epidemiológica ,2023,Dengue,13,2,3,0,0,Polygon
SAN MARTIN,CAMPANILLA,MARISCAL CACERES,220602,0 defunción ,19 casos ,19220602,"CAMPANILLA, MARISCAL CACERES, SAN MARTIN",14 casos ,"CAMPANILLA, MARISCAL CACERES, SAN MARTIN","CAMPANILLA, MARISCAL CACERES, SAN MARTIN",220602,Situación actual de Dengue. semana epidemiológica ,2023,Dengue,13,1,19,14,0,Polygon
PIURA,LA UNION,PIURA,200110,0 defunción ,142 casos ,142200110,"LA UNION, PIURA, PIURA",41 casos ,"LA UNION, PIURA, PIURA","LA UNION, PIURA, PIURA",200110,Situación actual de Dengue. semana epidemiológica ,2023,Dengue,13,34,142,41,0,Polygon
LA LIBERTAD,GUADALUPE,PACASMAYO,130702,0 defunción ,314 casos ,314130702,"GUADALUPE, PACASMAYO, LA LIBERTAD",163 casos ,"GUADALUPE, PACASMAYO, LA LIBERTAD","GUADALUPE, PACASMAYO, LA LIBERTAD",130702,Situación actual de Dengue. semana epidemiológica ,2023,Dengue,13,56,314,163,0,Polygon
CAJAMARCA,TABACONAS,SAN IGNACIO,060907,0 defunción ,2 casos ,2060907,"TABACONAS, SAN IGNACIO, CAJAMARCA",1 caso ,"TABACONAS, SAN IGNACIO, CAJAMARCA","TABACONAS, SAN IGNACIO, CAJAMARCA",060907,Situación actual de Dengue. semana epidemiológica ,2023,Dengue,13,1,2,1,0,Polygon
PASCO,CONSTITUCION,OXAPAMPA,190308,0 defunción ,60 casos ,60190308,"CONSTITUCION, OXAPAMPA, PASCO",38 casos ,"CONSTITUCION, OXAPAMPA, PASCO","CONSTITUCION, OXAPAMPA, PASCO",190308,Situación actual de Dengue. semana epidemiológica ,2023,Dengue,13,4,60,38,0,Polygon
AMAZONAS,NIEVA,CONDORCANQUI,010401,0 defunción ,237 casos ,237010401,"NIEVA, CONDORCANQUI, AMAZONAS",136 casos ,"NIEVA, CONDORCANQUI, AMAZONAS","NIEVA, CONDORCANQUI, AMAZONAS",010401,Situación actual de Dengue. semana epidemiológica ,2023,Dengue,13,10,237,136,0,Polygon
SAN MARTIN,POLVORA,TOCACHE,221003,0 defunción ,19 casos ,19221003,"POLVORA, TOCACHE, SAN MARTIN",12 casos ,"POLVORA, TOCACHE, SAN MARTIN","POLVORA, TOCACHE, SAN MARTIN",221003,Situación actual de Dengue. semana epidemiológica ,2023,Dengue,13,5,19,12,0,Polygon
JUNIN,MAZAMARI,SATIPO,120604,0 defunción ,36 casos ,36120604,"MAZAMARI, SATIPO, JUNIN",31 casos ,"MAZAMARI, SATIPO, JUNIN","MAZAMARI, SATIPO, JUNIN",120604,Situación actual de Dengue. semana epidemiológica ,2023,Dengue,13,7,36,31,0,Polygon
LIMA,SAN JUAN DE MIRAFLORES,LIMA,150133,0 defunción ,29 casos ,29150133,"SAN JUAN DE MIRAFLORES, LIMA, LIMA",20 casos ,"SAN JUAN DE MIRAFLORES, LIMA, LIMA","SAN JUAN DE MIRAFLORES, LIMA, LIMA",150133,Situación actual de Dengue. semana epidemiológica ,2023,Dengue,13,23,29,20,0,Polygon
ICA,TATE,ICA,110113,0 defunción ,5 casos ,5110113,"TATE, ICA, ICA",1 caso ,"TATE, ICA, ICA","TATE, ICA, ICA",110113,Situación actual de Dengue. semana epidemiológica ,2023,Dengue,13,1,5,1,0,Polygon
HUANUCO,RUPA-RUPA,LEONCIO PRADO,100601,1 defunción ,827 casos ,827100601,"RUPA-RUPA, LEONCIO PRADO, HUANUCO",570 casos ,"RUPA-RUPA, LEONCIO PRADO, HUANUCO","RUPA-RUPA, LEONCIO PRADO, HUANUCO",100601,Situación actual de Dengue. semana epidemiológica ,2023,Dengue,13,79,827,570,1,Polygon
PIURA,CURA MORI,PIURA,200107,0 defunción ,15 casos ,15200107,"CURA MORI, PIURA, PIURA",4 casos ,"CURA MORI, PIURA, PIURA","CURA MORI, PIURA, PIURA",200107,Situación actual de Dengue. semana epidemiológica ,2023,Dengue,13,8,15,4,0,Polygon
AYACUCHO,CANAYRE,HUANTA,050409,0 defunción ,46 casos ,46050409,"CANAYRE, HUANTA, AYACUCHO",41 casos ,"CANAYRE, HUANTA, AYACUCHO","CANAYRE, HUANTA, AYACUCHO",050409,Situación actual de Dengue. semana epidemiológica ,2023,Dengue,13,1,46,41,0,Polygon
CAJAMARCA,BELLAVISTA,JAEN,060802,0 defunción ,29 casos ,29060802,"BELLAVISTA, JAEN, CAJAMARCA",21 casos ,"BELLAVISTA, JAEN, CAJAMARCA","BELLAVISTA, JAEN, CAJAMARCA",060802,Situación actual de Dengue. semana epidemiológica ,2023,Dengue,13,7,29,21,0,Polygon
HUANUCO,CHAGLLA,PACHITEA,100802,0 defunción ,3 casos ,3100802,"CHAGLLA, PACHITEA, HUANUCO",2 casos ,"CHAGLLA, PACHITEA, HUANUCO","CHAGLLA, PACHITEA, HUANUCO",100802,Situación actual de Dengue. semana epidemiológica ,2023,Dengue,13,1,3,2,0,Polygon
CUSCO,SANTA ANA,LA CONVENCION,080901,0 defunción ,599 casos ,599080901,"SANTA ANA, LA CONVENCION, CUSCO",332 casos ,"SANTA ANA, LA CONVENCION, CUSCO","SANTA ANA, LA CONVENCION, CUSCO",080901,Situación actual de Dengue. semana epidemiológica ,2023,Dengue,13,145,599,332,0,Polygon
LORETO,SAN JUAN BAUTISTA,MAYNAS,160113,0 defunción ,435 casos ,435160113,"SAN JUAN BAUTISTA, MAYNAS, LORETO",255 casos ,"SAN JUAN BAUTISTA, MAYNAS, LORETO","SAN JUAN BAUTISTA, MAYNAS, LORETO",160113,Situación actual de Dengue. semana epidemiológica ,2023,Dengue,13,54,435,255,0,Polygon
PIURA,PARIÑAS,TALARA,200701,0 defunción ,49 casos ,49200701,"PARIÑAS, TALARA, PIURA",6 casos ,"PARIÑAS, TALARA, PIURA","PARIÑAS, TALARA, PIURA",200701,Situación actual de Dengue. semana epidemiológica ,2023,Dengue,13,13,49,6,0,Polygon
AMAZONAS,BAGUA,BAGUA,010201,1 defunción ,416 casos ,416010201,"BAGUA, BAGUA, AMAZONAS",400 casos ,"BAGUA, BAGUA, AMAZONAS","BAGUA, BAGUA, AMAZONAS",010201,Situación actual de Dengue. semana epidemiológica ,2023,Dengue,13,28,416,400,1,Polygon
JUNIN,COVIRIALI,SATIPO,120602,0 defunción ,25 casos ,25120602,"COVIRIALI, SATIPO, JUNIN",24 casos ,"COVIRIALI, SATIPO, JUNIN","COVIRIALI, SATIPO, JUNIN",120602,Situación actual de Dengue. semana epidemiológica ,2023,Dengue,13,1,25,24,0,Polygon
CUSCO,QUELLOUNO,LA CONVENCION,080906,0 defunción ,8 casos ,8080906,"QUELLOUNO, LA CONVENCION, CUSCO",2 casos ,"QUELLOUNO, LA CONVENCION, CUSCO","QUELLOUNO, LA CONVENCION, CUSCO",080906,Situación actual de Dengue. semana epidemiológica ,2023,Dengue,13,1,8,2,0,Polygon
PIURA,LOBITOS,TALARA,200704,0 defunción ,7 casos ,7200704,"LOBITOS, TALARA, PIURA",1 caso ,"LOBITOS, TALARA, PIURA","LOBITOS, TALARA, PIURA",200704,Situación actual de Dengue. semana epidemiológica ,2023,Dengue,13,1,7,1,0,Polygon
ICA,SAN JUAN BAUTISTA,ICA,110110,0 defunción ,16 casos ,16110110,"SAN JUAN BAUTISTA, ICA, ICA",2 casos ,"SAN JUAN BAUTISTA, ICA, ICA","SAN JUAN BAUTISTA, ICA, ICA",110110,Situación actual de Dengue. semana epidemiológica ,2023,Dengue,13,3,16,2,0,Polygon
HUANUCO,CASTILLO GRANDE,LEONCIO PRADO,100608,0 defunción ,313 casos ,313100608,"CASTILLO GRANDE, LEONCIO PRADO, HUANUCO",205 casos ,"CASTILLO GRANDE, LEONCIO PRADO, HUANUCO","CASTILLO GRANDE, LEONCIO PRADO, HUANUCO",100608,Situación actual de Dengue. semana epidemiológica ,2023,Dengue,13,36,313,205,0,Polygon
LIMA,SAN MARTIN DE PORRES,LIMA,150135,0 defunción ,10 casos ,10150135,"SAN MARTIN DE PORRES, LIMA, LIMA",8 casos ,"SAN MARTIN DE PORRES, LIMA, LIMA","SAN MARTIN DE PORRES, LIMA, LIMA",150135,Situación actual de Dengue. semana epidemiológica ,2023,Dengue,13,3,10,8,0,Polygon
SAN MARTIN,CAYNARACHI,LAMAS,220504,0 defunción ,170 casos ,170220504,"CAYNARACHI, LAMAS, SAN MARTIN",83 casos ,"CAYNARACHI, LAMAS, SAN MARTIN","CAYNARACHI, LAMAS, SAN MARTIN",220504,Situación actual de Dengue. semana epidemiológica ,2023,Dengue,13,6,170,83,0,Polygon
CUSCO,MARANURA,LA CONVENCION,080904,0 defunción ,6 casos ,6080904,"MARANURA, LA CONVENCION, CUSCO",3 casos ,"MARANURA, LA CONVENCION, CUSCO","MARANURA, LA CONVENCION, CUSCO",080904,Situación actual de Dengue. semana epidemiológica ,2023,Dengue,13,2,6,3,0,Polygon
LA LIBERTAD,LA ESPERANZA,TRUJILLO,130105,0 defunción ,158 casos ,158130105,"LA ESPERANZA, TRUJILLO, LA LIBERTAD",71 casos ,"LA ESPERANZA, TRUJILLO, LA LIBERTAD","LA ESPERANZA, TRUJILLO, LA LIBERTAD",130105,Situación actual de Dengue. semana epidemiológica ,2023,Dengue,13,33,158,71,0,Polygon
ICA,NASCA,NASCA,110301,0 defunción ,91 casos ,91110301,"NASCA, NASCA, ICA",23 casos ,"NASCA, NASCA, ICA","NASCA, NASCA, ICA",110301,Situación actual de Dengue. semana epidemiológica ,2023,Dengue,13,3,91,23,0,Polygon
PIURA,MANCORA,TALARA,200706,0 defunción ,18 casos ,18200706,"MANCORA, TALARA, PIURA",2 casos ,"MANCORA, TALARA, PIURA","MANCORA, TALARA, PIURA",200706,Situación actual de Dengue. semana epidemiológica ,2023,Dengue,13,4,18,2,0,Polygon
LAMBAYEQUE,OYOTUN,CHICLAYO,140110,0 defunción ,6 casos ,6140110,"OYOTUN, CHICLAYO, LAMBAYEQUE",6 casos ,"OYOTUN, CHICLAYO, LAMBAYEQUE","OYOTUN, CHICLAYO, LAMBAYEQUE",140110,Situación actual de Dengue. semana epidemiológica ,2023,Dengue,13,5,6,6,0,Polygon
PIURA,CASTILLA,PIURA,200104,0 defunción ,776 casos ,776200104,"CASTILLA, PIURA, PIURA",197 casos ,"CASTILLA, PIURA, PIURA","CASTILLA, PIURA, PIURA",200104,Situación actual de Dengue. semana epidemiológica ,2023,Dengue,13,189,776,197,0,Polygon
ICA,EL CARMEN,CHINCHA,110205,0 defunción ,5 casos ,5110205,"EL CARMEN, CHINCHA, ICA",1 caso ,"EL CARMEN, CHINCHA, ICA","EL CARMEN, CHINCHA, ICA",110205,Situación actual de Dengue. semana epidemiológica ,2023,Dengue,13,1,5,1,0,Polygon
CAJAMARCA,SAN IGNACIO,SAN IGNACIO,060901,0 defunción ,181 casos ,181060901,"SAN IGNACIO, SAN IGNACIO, CAJAMARCA",170 casos ,"SAN IGNACIO, SAN IGNACIO, CAJAMARCA","SAN IGNACIO, SAN IGNACIO, CAJAMARCA",060901,Situación actual de Dengue. semana epidemiológica ,2023,Dengue,13,17,181,170,0,Polygon
LORETO,TENIENTE CESAR LOPEZ ROJAS,ALTO AMAZONAS,160211,0 defunción ,30 casos ,30160211,"TENIENTE CESAR LOPEZ ROJAS, ALTO AMAZONAS, LORETO",12 casos ,"TENIENTE CESAR LOPEZ ROJAS, ALTO AMAZONAS, LORETO","TENIENTE CESAR LOPEZ ROJAS, ALTO AMAZONAS, LORETO",160211,Situación actual de Dengue. semana epidemiológica ,2023,Dengue,13,1,30,12,0,Polygon
LIMA,SAN MATEO,HUAROCHIRI,150722,0 defunción ,1 caso ,1150722,"SAN MATEO, HUAROCHIRI, LIMA",0 caso ,"SAN MATEO, HUAROCHIRI, LIMA","SAN MATEO, HUAROCHIRI, LIMA",150722,Situación actual de Dengue. semana epidemiológica ,2023,Dengue,13,1,1,0,0,Polygon
PIURA,SALITRAL,MORROPON,200406,0 defunción ,44 casos ,44200406,"SALITRAL, MORROPON, PIURA",15 casos ,"SALITRAL, MORROPON, PIURA","SALITRAL, MORROPON, PIURA",200406,Situación actual de Dengue. semana epidemiológica ,2023,Dengue,13,8,44,15,0,Polygon
PIURA,SALITRAL,SULLANA,200608,0 defunción ,13 casos ,13200608,"SALITRAL, SULLANA, PIURA",1 caso ,"SALITRAL, SULLANA, PIURA","SALITRAL, SULLANA, PIURA",200608,Situación actual de Dengue. semana epidemiológica ,2023,Dengue,13,1,13,1,0,Polygon
LIMA,LA MOLINA,LIMA,150114,0 defunción ,2 casos ,2150114,"LA MOLINA, LIMA, LIMA",2 casos ,"LA MOLINA, LIMA, LIMA","LA MOLINA, LIMA, LIMA",150114,Situación actual de Dengue. semana epidemiológica ,2023,Dengue,13,1,2,2,0,Polygon
LORETO,INDIANA,MAYNAS,160104,0 defunción ,18 casos ,18160104,"INDIANA, MAYNAS, LORETO",9 casos ,"INDIANA, MAYNAS, LORETO","INDIANA, MAYNAS, LORETO",160104,Situación actual de Dengue. semana epidemiológica ,2023,Dengue,13,1,18,9,0,Polygon
CAJAMARCA,PUCARA,JAEN,060808,0 defunción ,4 casos ,4060808,"PUCARA, JAEN, CAJAMARCA",1 caso ,"PUCARA, JAEN, CAJAMARCA","PUCARA, JAEN, CAJAMARCA",060808,Situación actual de Dengue. semana epidemiológica ,2023,Dengue,13,3,4,1,0,Polygon
CALLAO,CALLAO,CALLAO,070101,0 defunción ,2 casos ,2070101,"CALLAO, CALLAO, CALLAO",0 caso ,"CALLAO, CALLAO, CALLAO","CALLAO, CALLAO, CALLAO",070101,Situación actual de Dengue. semana epidemiológica ,2023,Dengue,13,1,2,0,0,Polygon
SAN MARTIN,ZAPATERO,LAMAS,220511,0 defunción ,16 casos ,16220511,"ZAPATERO, LAMAS, SAN MARTIN",9 casos ,"ZAPATERO, LAMAS, SAN MARTIN","ZAPATERO, LAMAS, SAN MARTIN",220511,Situación actual de Dengue. semana epidemiológica ,2023,Dengue,13,2,16,9,0,Polygon
LORETO,BARRANCA,DATEM DEL MARAÑON,160701,0 defunción ,251 casos ,251160701,"BARRANCA, DATEM DEL MARAÑON, LORETO",70 casos ,"BARRANCA, DATEM DEL MARAÑON, LORETO","BARRANCA, DATEM DEL MARAÑON, LORETO",160701,Situación actual de Dengue. semana epidemiológica ,2023,Dengue,13,4,251,70,0,Polygon
HUANUCO,LUYANDO,LEONCIO PRADO,100605,0 defunción ,145 casos ,145100605,"LUYANDO, LEONCIO PRADO, HUANUCO",100 casos ,"LUYANDO, LEONCIO PRADO, HUANUCO","LUYANDO, LEONCIO PRADO, HUANUCO",100605,Situación actual de Dengue. semana epidemiológica ,2023,Dengue,13,13,145,100,0,Polygon
LA LIBERTAD,PACANGA,CHEPEN,130402,0 defunción ,3 casos ,3130402,"PACANGA, CHEPEN, LA LIBERTAD",0 caso ,"PACANGA, CHEPEN, LA LIBERTAD","PACANGA, CHEPEN, LA LIBERTAD",130402,Situación actual de Dengue. semana epidemiológica ,2023,Dengue,13,1,3,0,0,Polygon
SAN MARTIN,RIOJA,RIOJA,220801,0 defunción ,62 casos ,62220801,"RIOJA, RIOJA, SAN MARTIN",4 casos ,"RIOJA, RIOJA, SAN MARTIN","RIOJA, RIOJA, SAN MARTIN",220801,Situación actual de Dengue. semana epidemiológica ,2023,Dengue,13,6,62,4,0,Polygon
LAMBAYEQUE,MOTUPE,LAMBAYEQUE,140307,0 defunción ,181 casos ,181140307,"MOTUPE, LAMBAYEQUE, LAMBAYEQUE",178 casos ,"MOTUPE, LAMBAYEQUE, LAMBAYEQUE","MOTUPE, LAMBAYEQUE, LAMBAYEQUE",140307,Situación actual de Dengue. semana epidemiológica ,2023,Dengue,13,2,181,178,0,Polygon
UCAYALI,IPARIA,CORONEL PORTILLO,250103,0 defunción ,5 casos ,5250103,"IPARIA, CORONEL PORTILLO, UCAYALI",3 casos ,"IPARIA, CORONEL PORTILLO, UCAYALI","IPARIA, CORONEL PORTILLO, UCAYALI",250103,Situación actual de Dengue. semana epidemiológica ,2023,Dengue,13,1,5,3,0,Polygon
SAN MARTIN,RUMISAPA,LAMAS,220507,0 defunción ,22 casos ,22220507,"RUMISAPA, LAMAS, SAN MARTIN",7 casos ,"RUMISAPA, LAMAS, SAN MARTIN","RUMISAPA, LAMAS, SAN MARTIN",220507,Situación actual de Dengue. semana epidemiológica ,2023,Dengue,13,2,22,7,0,Polygon
LORETO,PARINARI,LORETO,160302,0 defunción ,31 casos ,31160302,"PARINARI, LORETO, LORETO",8 casos ,"PARINARI, LORETO, LORETO","PARINARI, LORETO, LORETO",160302,Situación actual de Dengue. semana epidemiológica ,2023,Dengue,13,1,31,8,0,Polygon
CUSCO,KIMBIRI,LA CONVENCION,080907,1 defunción ,192 casos ,192080907,"KIMBIRI, LA CONVENCION, CUSCO",181 casos ,"KIMBIRI, LA CONVENCION, CUSCO","KIMBIRI, LA CONVENCION, CUSCO",080907,Situación actual de Dengue. semana epidemiológica ,2023,Dengue,13,22,192,181,1,Polygon
ICA,SUNAMPE,CHINCHA,110210,0 defunción ,38 casos ,38110210,"SUNAMPE, CHINCHA, ICA",9 casos ,"SUNAMPE, CHINCHA, ICA","SUNAMPE, CHINCHA, ICA",110210,Situación actual de Dengue. semana epidemiológica ,2023,Dengue,13,24,38,9,0,Polygon
PIURA,BERNAL,SECHURA,200803,0 defunción ,4 casos ,4200803,"BERNAL, SECHURA, PIURA",2 casos ,"BERNAL, SECHURA, PIURA","BERNAL, SECHURA, PIURA",200803,Situación actual de Dengue. semana epidemiológica ,2023,Dengue,13,3,4,2,0,Polygon
PIURA,LA HUACA,PAITA,200505,0 defunción ,658 casos ,658200505,"LA HUACA, PAITA, PIURA",405 casos ,"LA HUACA, PAITA, PIURA","LA HUACA, PAITA, PIURA",200505,Situación actual de Dengue. semana epidemiológica ,2023,Dengue,13,57,658,405,0,Polygon
SAN MARTIN,LA BANDA DE SHILCAYO,SAN MARTIN,220909,0 defunción ,344 casos ,344220909,"LA BANDA DE SHILCAYO, SAN MARTIN, SAN MARTIN",115 casos ,"LA BANDA DE SHILCAYO, SAN MARTIN, SAN MARTIN","LA BANDA DE SHILCAYO, SAN MARTIN, SAN MARTIN",220909,Situación actual de Dengue. semana epidemiológica ,2023,Dengue,13,37,344,115,0,Polygon
LA LIBERTAD,FLORENCIA DE MORA,TRUJILLO,130103,0 defunción ,19 casos ,19130103,"FLORENCIA DE MORA, TRUJILLO, LA LIBERTAD",1 caso ,"FLORENCIA DE MORA, TRUJILLO, LA LIBERTAD","FLORENCIA DE MORA, TRUJILLO, LA LIBERTAD",130103,Situación actual de Dengue. semana epidemiológica ,2023,Dengue,13,10,19,1,0,Polygon
LAMBAYEQUE,MOCHUMI,LAMBAYEQUE,140305,0 defunción ,2 casos ,2140305,"MOCHUMI, LAMBAYEQUE, LAMBAYEQUE",0 caso ,"MOCHUMI, LAMBAYEQUE, LAMBAYEQUE","MOCHUMI, LAMBAYEQUE, LAMBAYEQUE",140305,Situación actual de Dengue. semana epidemiológica ,2023,Dengue,13,1,2,0,0,Polygon
SAN MARTIN,UCHIZA,TOCACHE,221005,0 defunción ,132 casos ,132221005,"UCHIZA, TOCACHE, SAN MARTIN",21 casos ,"UCHIZA, TOCACHE, SAN MARTIN","UCHIZA, TOCACHE, SAN MARTIN",221005,Situación actual de Dengue. semana epidemiológica ,2023,Dengue,13,52,132,21,0,Polygon
ICA,VISTA ALEGRE,NASCA,110305,0 defunción ,50 casos ,50110305,"VISTA ALEGRE, NASCA, ICA",10 casos ,"VISTA ALEGRE, NASCA, ICA","VISTA ALEGRE, NASCA, ICA",110305,Situación actual de Dengue. semana epidemiológica ,2023,Dengue,13,3,50,10,0,Polygon
SAN MARTIN,SHAPAJA,SAN MARTIN,220914,0 defunción ,9 casos ,9220914,"SHAPAJA, SAN MARTIN, SAN MARTIN",5 casos ,"SHAPAJA, SAN MARTIN, SAN MARTIN","SHAPAJA, SAN MARTIN, SAN MARTIN",220914,Situación actual de Dengue. semana epidemiológica ,2023,Dengue,13,1,9,5,0,Polygon
LORETO,LAGUNAS,ALTO AMAZONAS,160206,0 defunción ,220 casos ,220160206,"LAGUNAS, ALTO AMAZONAS, LORETO",53 casos ,"LAGUNAS, ALTO AMAZONAS, LORETO","LAGUNAS, ALTO AMAZONAS, LORETO",160206,Situación actual de Dengue. semana epidemiológica ,2023,Dengue,13,8,220,53,0,Polygon
PIURA,VICE,SECHURA,200805,0 defunción ,24 casos ,24200805,"VICE, SECHURA, PIURA",0 caso ,"VICE, SECHURA, PIURA","VICE, SECHURA, PIURA",200805,Situación actual de Dengue. semana epidemiológica ,2023,Dengue,13,19,24,0,0,Polygon
AMAZONAS,IMAZA,BAGUA,010205,1 defunción ,226 casos ,226010205,"IMAZA, BAGUA, AMAZONAS",209 casos ,"IMAZA, BAGUA, AMAZONAS","IMAZA, BAGUA, AMAZONAS",010205,Situación actual de Dengue. semana epidemiológica ,2023,Dengue,13,8,226,209,1,Polygon
PIURA,LA MATANZA,MORROPON,200404,0 defunción ,95 casos ,95200404,"LA MATANZA, MORROPON, PIURA",20 casos ,"LA MATANZA, MORROPON, PIURA","LA MATANZA, MORROPON, PIURA",200404,Situación actual de Dengue. semana epidemiológica ,2023,Dengue,13,20,95,20,0,Polygon
LORETO,SARAYACU,UCAYALI,160605,0 defunción ,176 casos ,176160605,"SARAYACU, UCAYALI, LORETO",22 casos ,"SARAYACU, UCAYALI, LORETO","SARAYACU, UCAYALI, LORETO",160605,Situación actual de Dengue. semana epidemiológica ,2023,Dengue,13,6,176,22,0,Polygon
LORETO,YURIMAGUAS,ALTO AMAZONAS,160201,0 defunción ,1711 casos ,1711160201,"YURIMAGUAS, ALTO AMAZONAS, LORETO",439 casos ,"YURIMAGUAS, ALTO AMAZONAS, LORETO","YURIMAGUAS, ALTO AMAZONAS, LORETO",160201,Situación actual de Dengue. semana epidemiológica ,2023,Dengue,13,108,1711,439,0,Polygon
LIMA,CHACLACAYO,LIMA,150107,0 defunción ,76 casos ,76150107,"CHACLACAYO, LIMA, LIMA",25 casos ,"CHACLACAYO, LIMA, LIMA","CHACLACAYO, LIMA, LIMA",150107,Situación actual de Dengue. semana epidemiológica ,2023,Dengue,13,8,76,25,0,Polygon
LAMBAYEQUE,PUEBLO NUEVO,FERREÑAFE,140206,0 defunción ,81 casos ,81140206,"PUEBLO NUEVO, FERREÑAFE, LAMBAYEQUE",81 casos ,"PUEBLO NUEVO, FERREÑAFE, LAMBAYEQUE","PUEBLO NUEVO, FERREÑAFE, LAMBAYEQUE",140206,Situación actual de Dengue. semana epidemiológica ,2023,Dengue,13,20,81,81,0,Polygon
AMAZONAS,CAJARURO,UTCUBAMBA,010702,0 defunción ,52 casos ,52010702,"CAJARURO, UTCUBAMBA, AMAZONAS",41 casos ,"CAJARURO, UTCUBAMBA, AMAZONAS","CAJARURO, UTCUBAMBA, AMAZONAS",010702,Situación actual de Dengue. semana epidemiológica ,2023,Dengue,13,1,52,41,0,Polygon
TUMBES,SAN JACINTO,TUMBES,240105,0 defunción ,4 casos ,4240105,"SAN JACINTO, TUMBES, TUMBES",1 caso ,"SAN JACINTO, TUMBES, TUMBES","SAN JACINTO, TUMBES, TUMBES",240105,Situación actual de Dengue. semana epidemiológica ,2023,Dengue,13,2,4,1,0,Polygon
UCAYALI,NUEVA REQUENA,CORONEL PORTILLO,250106,0 defunción ,105 casos ,105250106,"NUEVA REQUENA, CORONEL PORTILLO, UCAYALI",40 casos ,"NUEVA REQUENA, CORONEL PORTILLO, UCAYALI","NUEVA REQUENA, CORONEL PORTILLO, UCAYALI",250106,Situación actual de Dengue. semana epidemiológica ,2023,Dengue,13,1,105,40,0,Polygon
ICA,CHINCHA ALTA,CHINCHA,110201,1 defunción ,230 casos ,230110201,"CHINCHA ALTA, CHINCHA, ICA",93 casos ,"CHINCHA ALTA, CHINCHA, ICA","CHINCHA ALTA, CHINCHA, ICA",110201,Situación actual de Dengue. semana epidemiológica ,2023,Dengue,13,83,230,93,1,Polygon
ICA,SUBTANJALLA,ICA,110112,0 defunción ,66 casos ,66110112,"SUBTANJALLA, ICA, ICA",10 casos ,"SUBTANJALLA, ICA, ICA","SUBTANJALLA, ICA, ICA",110112,Situación actual de Dengue. semana epidemiológica ,2023,Dengue,13,10,66,10,0,Polygon
LORETO,ALTO TAPICHE,REQUENA,160502,0 defunción ,3 casos ,3160502,"ALTO TAPICHE, REQUENA, LORETO",0 caso ,"ALTO TAPICHE, REQUENA, LORETO","ALTO TAPICHE, REQUENA, LORETO",160502,Situación actual de Dengue. semana epidemiológica ,2023,Dengue,13,3,3,0,0,Polygon
PIURA,LOS ORGANOS,TALARA,200705,0 defunción ,17 casos ,17200705,"LOS ORGANOS, TALARA, PIURA",2 casos ,"LOS ORGANOS, TALARA, PIURA","LOS ORGANOS, TALARA, PIURA",200705,Situación actual de Dengue. semana epidemiológica ,2023,Dengue,13,1,17,2,0,Polygon
LA LIBERTAD,SAN JOSE,PACASMAYO,130705,0 defunción ,6 casos ,6130705,"SAN JOSE, PACASMAYO, LA LIBERTAD",0 caso ,"SAN JOSE, PACASMAYO, LA LIBERTAD","SAN JOSE, PACASMAYO, LA LIBERTAD",130705,Situación actual de Dengue. semana epidemiológica ,2023,Dengue,13,1,6,0,0,Polygon
LORETO,NAUTA,LORETO,160301,0 defunción ,124 casos ,124160301,"NAUTA, LORETO, LORETO",103 casos ,"NAUTA, LORETO, LORETO","NAUTA, LORETO, LORETO",160301,Situación actual de Dengue. semana epidemiológica ,2023,Dengue,13,2,124,103,0,Polygon
SAN MARTIN,BARRANQUITA,LAMAS,220503,0 defunción ,63 casos ,63220503,"BARRANQUITA, LAMAS, SAN MARTIN",35 casos ,"BARRANQUITA, LAMAS, SAN MARTIN","BARRANQUITA, LAMAS, SAN MARTIN",220503,Situación actual de Dengue. semana epidemiológica ,2023,Dengue,13,3,63,35,0,Polygon
PIURA,LANCONES,SULLANA,200604,0 defunción ,5 casos ,5200604,"LANCONES, SULLANA, PIURA",1 caso ,"LANCONES, SULLANA, PIURA","LANCONES, SULLANA, PIURA",200604,Situación actual de Dengue. semana epidemiológica ,2023,Dengue,13,1,5,1,0,Polygon
LA LIBERTAD,VIRU,VIRU,131201,0 defunción ,9 casos ,9131201,"VIRU, VIRU, LA LIBERTAD",1 caso ,"VIRU, VIRU, LA LIBERTAD","VIRU, VIRU, LA LIBERTAD",131201,Situación actual de Dengue. semana epidemiológica ,2023,Dengue,13,1,9,1,0,Polygon
PIURA,VEINTISEIS DE OCTUBRE,PIURA,200115,0 defunción ,397 casos ,397200115,"VEINTISEIS DE OCTUBRE, PIURA, PIURA",117 casos ,"VEINTISEIS DE OCTUBRE, PIURA, PIURA","VEINTISEIS DE OCTUBRE, PIURA, PIURA",200115,Situación actual de Dengue. semana epidemiológica ,2023,Dengue,13,134,397,117,0,Polygon
LA LIBERTAD,SAN PEDRO DE LLOC,PACASMAYO,130701,0 defunción ,8 casos ,8130701,"SAN PEDRO DE LLOC, PACASMAYO, LA LIBERTAD",0 caso ,"SAN PEDRO DE LLOC, PACASMAYO, LA LIBERTAD","SAN PEDRO DE LLOC, PACASMAYO, LA LIBERTAD",130701,Situación actual de Dengue. semana epidemiológica ,2023,Dengue,13,1,8,0,0,Polygon
UCAYALI,CALLERIA,CORONEL PORTILLO,250101,2 defunciones ,2816 casos ,2816250101,"CALLERIA, CORONEL PORTILLO, UCAYALI",848 casos ,"CALLERIA, CORONEL PORTILLO, UCAYALI","CALLERIA, CORONEL PORTILLO, UCAYALI",250101,Situación actual de Dengue. semana epidemiológica ,2023,Dengue,13,85,2816,848,2,Polygon
AYACUCHO,ANCO,LA MAR,050502,0 defunción ,5 casos ,5050502,"ANCO, LA MAR, AYACUCHO",2 casos ,"ANCO, LA MAR, AYACUCHO","ANCO, LA MAR, AYACUCHO",050502,Situación actual de Dengue. semana epidemiológica ,2023,Dengue,13,3,5,2,0,Polygon
SAN MARTIN,CHAZUTA,SAN MARTIN,220904,0 defunción ,18 casos ,18220904,"CHAZUTA, SAN MARTIN, SAN MARTIN",7 casos ,"CHAZUTA, SAN MARTIN, SAN MARTIN","CHAZUTA, SAN MARTIN, SAN MARTIN",220904,Situación actual de Dengue. semana epidemiológica ,2023,Dengue,13,3,18,7,0,Polygon
ICA,PUEBLO NUEVO,CHINCHA,110207,0 defunción ,159 casos ,159110207,"PUEBLO NUEVO, CHINCHA, ICA",84 casos ,"PUEBLO NUEVO, CHINCHA, ICA","PUEBLO NUEVO, CHINCHA, ICA",110207,Situación actual de Dengue. semana epidemiológica ,2023,Dengue,13,37,159,84,0,Polygon
HUANUCO,PUEBLO NUEVO,LEONCIO PRADO,100609,0 defunción ,10 casos ,10100609,"PUEBLO NUEVO, LEONCIO PRADO, HUANUCO",8 casos ,"PUEBLO NUEVO, LEONCIO PRADO, HUANUCO","PUEBLO NUEVO, LEONCIO PRADO, HUANUCO",100609,Situación actual de Dengue. semana epidemiológica ,2023,Dengue,13,1,10,8,0,Polygon
LAMBAYEQUE,LAGUNAS,CHICLAYO,140107,0 defunción ,2 casos ,2140107,"LAGUNAS, CHICLAYO, LAMBAYEQUE",1 caso ,"LAGUNAS, CHICLAYO, LAMBAYEQUE","LAGUNAS, CHICLAYO, LAMBAYEQUE",140107,Situación actual de Dengue. semana epidemiológica ,2023,Dengue,13,1,2,1,0,Polygon
UCAYALI,IRAZOLA,PADRE ABAD,250302,0 defunción ,46 casos ,46250302,"IRAZOLA, PADRE ABAD, UCAYALI",28 casos ,"IRAZOLA, PADRE ABAD, UCAYALI","IRAZOLA, PADRE ABAD, UCAYALI",250302,Situación actual de Dengue. semana epidemiológica ,2023,Dengue,13,2,46,28,0,Polygon
PIURA,EL TALLAN,PIURA,200108,0 defunción ,47 casos ,47200108,"EL TALLAN, PIURA, PIURA",29 casos ,"EL TALLAN, PIURA, PIURA","EL TALLAN, PIURA, PIURA",200108,Situación actual de Dengue. semana epidemiológica ,2023,Dengue,13,1,47,29,0,Polygon
PIURA,IGNACIO ESCUDERO,SULLANA,200603,1 defunción ,329 casos ,329200603,"IGNACIO ESCUDERO, SULLANA, PIURA",220 casos ,"IGNACIO ESCUDERO, SULLANA, PIURA","IGNACIO ESCUDERO, SULLANA, PIURA",200603,Situación actual de Dengue. semana epidemiológica ,2023,Dengue,13,56,329,220,1,Polygon
LA LIBERTAD,CHEPEN,CHEPEN,130401,0 defunción ,36 casos ,36130401,"CHEPEN, CHEPEN, LA LIBERTAD",0 caso ,"CHEPEN, CHEPEN, LA LIBERTAD","CHEPEN, CHEPEN, LA LIBERTAD",130401,Situación actual de Dengue. semana epidemiológica ,2023,Dengue,13,10,36,0,0,Polygon
PIURA,TAMARINDO,PAITA,200506,0 defunción ,3 casos ,3200506,"TAMARINDO, PAITA, PIURA",1 caso ,"TAMARINDO, PAITA, PIURA","TAMARINDO, PAITA, PIURA",200506,Situación actual de Dengue. semana epidemiológica ,2023,Dengue,13,1,3,1,0,Polygon
SAN MARTIN,NUEVO PROGRESO,TOCACHE,221002,0 defunción ,113 casos ,113221002,"NUEVO PROGRESO, TOCACHE, SAN MARTIN",59 casos ,"NUEVO PROGRESO, TOCACHE, SAN MARTIN","NUEVO PROGRESO, TOCACHE, SAN MARTIN",221002,Situación actual de Dengue. semana epidemiológica ,2023,Dengue,13,20,113,59,0,Polygon
PIURA,MORROPON,MORROPON,200405,0 defunción ,107 casos ,107200405,"MORROPON, MORROPON, PIURA",41 casos ,"MORROPON, MORROPON, PIURA","MORROPON, MORROPON, PIURA",200405,Situación actual de Dengue. semana epidemiológica ,2023,Dengue,13,49,107,41,0,Polygon
ICA,TAMBO DE MORA,CHINCHA,110211,0 defunción ,3 casos ,3110211,"TAMBO DE MORA, CHINCHA, ICA",1 caso ,"TAMBO DE MORA, CHINCHA, ICA","TAMBO DE MORA, CHINCHA, ICA",110211,Situación actual de Dengue. semana epidemiológica ,2023,Dengue,13,2,3,1,0,Polygon
ICA,ICA,ICA,110101,0 defunción ,274 casos ,274110101,"ICA, ICA, ICA",20 casos ,"ICA, ICA, ICA","ICA, ICA, ICA",110101,Situación actual de Dengue. semana epidemiológica ,2023,Dengue,13,27,274,20,0,Polygon
LIMA,LURIGANCHO,LIMA,150118,0 defunción ,52 casos ,52150118,"LURIGANCHO, LIMA, LIMA",6 casos ,"LURIGANCHO, LIMA, LIMA","LURIGANCHO, LIMA, LIMA",150118,Situación actual de Dengue. semana epidemiológica ,2023,Dengue,13,17,52,6,0,Polygon
JUNIN,PICHANAQUI,CHANCHAMAYO,120303,0 defunción ,175 casos ,175120303,"PICHANAQUI, CHANCHAMAYO, JUNIN",151 casos ,"PICHANAQUI, CHANCHAMAYO, JUNIN","PICHANAQUI, CHANCHAMAYO, JUNIN",120303,Situación actual de Dengue. semana epidemiológica ,2023,Dengue,13,12,175,151,0,Polygon
AYACUCHO,ANCHIHUAY,LA MAR,050510,0 defunción ,2 casos ,2050510,"ANCHIHUAY, LA MAR, AYACUCHO",1 caso ,"ANCHIHUAY, LA MAR, AYACUCHO","ANCHIHUAY, LA MAR, AYACUCHO",050510,Situación actual de Dengue. semana epidemiológica ,2023,Dengue,13,1,2,1,0,Polygon
AMAZONAS,LA PECA,BAGUA,010206,0 defunción ,42 casos ,42010206,"LA PECA, BAGUA, AMAZONAS",42 casos ,"LA PECA, BAGUA, AMAZONAS","LA PECA, BAGUA, AMAZONAS",010206,Situación actual de Dengue. semana epidemiológica ,2023,Dengue,13,1,42,42,0,Polygon
HUANUCO,SANTO DOMINGO DE ANDA,LEONCIO PRADO,100610,0 defunción ,3 casos ,3100610,"SANTO DOMINGO DE ANDA, LEONCIO PRADO, HUANUCO",1 caso ,"SANTO DOMINGO DE ANDA, LEONCIO PRADO, HUANUCO","SANTO DOMINGO DE ANDA, LEONCIO PRADO, HUANUCO",100610,Situación actual de Dengue. semana epidemiológica ,2023,Dengue,13,1,3,1,0,Polygon
TUMBES,ZARUMILLA,ZARUMILLA,240301,0 defunción ,33 casos ,33240301,"ZARUMILLA, ZARUMILLA, TUMBES",3 casos ,"ZARUMILLA, ZARUMILLA, TUMBES","ZARUMILLA, ZARUMILLA, TUMBES",240301,Situación actual de Dengue. semana epidemiológica ,2023,Dengue,13,16,33,3,0,Polygon
AMAZONAS,BAGUA GRANDE,UTCUBAMBA,010701,0 defunción ,103 casos ,103010701,"BAGUA GRANDE, UTCUBAMBA, AMAZONAS",96 casos ,"BAGUA GRANDE, UTCUBAMBA, AMAZONAS","BAGUA GRANDE, UTCUBAMBA, AMAZONAS",010701,Situación actual de Dengue. semana epidemiológica ,2023,Dengue,13,3,103,96,0,Polygon
SAN MARTIN,BELLAVISTA,BELLAVISTA,220201,1 defunción ,119 casos ,119220201,"BELLAVISTA, BELLAVISTA, SAN MARTIN",108 casos ,"BELLAVISTA, BELLAVISTA, SAN MARTIN","BELLAVISTA, BELLAVISTA, SAN MARTIN",220201,Situación actual de Dengue. semana epidemiológica ,2023,Dengue,13,8,119,108,1,Polygon
LA LIBERTAD,SALAVERRY,TRUJILLO,130109,0 defunción ,1 caso ,1130109,"SALAVERRY, TRUJILLO, LA LIBERTAD",0 caso ,"SALAVERRY, TRUJILLO, LA LIBERTAD","SALAVERRY, TRUJILLO, LA LIBERTAD",130109,Situación actual de Dengue. semana epidemiológica ,2023,Dengue,13,1,1,0,0,Polygon
CAJAMARCA,HUARANGO,SAN IGNACIO,060903,0 defunción ,30 casos ,30060903,"HUARANGO, SAN IGNACIO, CAJAMARCA",30 casos ,"HUARANGO, SAN IGNACIO, CAJAMARCA","HUARANGO, SAN IGNACIO, CAJAMARCA",060903,Situación actual de Dengue. semana epidemiológica ,2023,Dengue,13,3,30,30,0,Polygon
PIURA,QUERECOTILLO,SULLANA,200607,0 defunción ,168 casos ,168200607,"QUERECOTILLO, SULLANA, PIURA",45 casos ,"QUERECOTILLO, SULLANA, PIURA","QUERECOTILLO, SULLANA, PIURA",200607,Situación actual de Dengue. semana epidemiológica ,2023,Dengue,13,35,168,45,0,Polygon
ICA,SAN CLEMENTE,PISCO,110507,0 defunción ,8 casos ,8110507,"SAN CLEMENTE, PISCO, ICA",0 caso ,"SAN CLEMENTE, PISCO, ICA","SAN CLEMENTE, PISCO, ICA",110507,Situación actual de Dengue. semana epidemiológica ,2023,Dengue,13,4,8,0,0,Polygon
PIURA,CRISTO NOS VALGA,SECHURA,200804,0 defunción ,2 casos ,2200804,"CRISTO NOS VALGA, SECHURA, PIURA",1 caso ,"CRISTO NOS VALGA, SECHURA, PIURA","CRISTO NOS VALGA, SECHURA, PIURA",200804,Situación actual de Dengue. semana epidemiológica ,2023,Dengue,13,1,2,1,0,Polygon
UCAYALI,ALEXANDER VON HUMBOLDT,PADRE ABAD,250305,0 defunción ,13 casos ,13250305,"ALEXANDER VON HUMBOLDT, PADRE ABAD, UCAYALI",3 casos ,"ALEXANDER VON HUMBOLDT, PADRE ABAD, UCAYALI","ALEXANDER VON HUMBOLDT, PADRE ABAD, UCAYALI",250305,Situación actual de Dengue. semana epidemiológica ,2023,Dengue,13,1,13,3,0,Polygon
MADRE DE DIOS,IBERIA,TAHUAMANU,170302,0 defunción ,85 casos ,85170302,"IBERIA, TAHUAMANU, MADRE DE DIOS",81 casos ,"IBERIA, TAHUAMANU, MADRE DE DIOS","IBERIA, TAHUAMANU, MADRE DE DIOS",170302,Situación actual de Dengue. semana epidemiológica ,2023,Dengue,13,1,85,81,0,Polygon
LAMBAYEQUE,NUEVA ARICA,CHICLAYO,140109,0 defunción ,3 casos ,3140109,"NUEVA ARICA, CHICLAYO, LAMBAYEQUE",3 casos ,"NUEVA ARICA, CHICLAYO, LAMBAYEQUE","NUEVA ARICA, CHICLAYO, LAMBAYEQUE",140109,Situación actual de Dengue. semana epidemiológica ,2023,Dengue,13,2,3,3,0,Polygon
JUNIN,SAN RAMON,CHANCHAMAYO,120305,3 defunciones ,352 casos ,352120305,"SAN RAMON, CHANCHAMAYO, JUNIN",352 casos ,"SAN RAMON, CHANCHAMAYO, JUNIN","SAN RAMON, CHANCHAMAYO, JUNIN",120305,Situación actual de Dengue. semana epidemiológica ,2023,Dengue,13,10,352,352,3,Polygon
LA LIBERTAD,EL PORVENIR,TRUJILLO,130102,0 defunción ,7 casos ,7130102,"EL PORVENIR, TRUJILLO, LA LIBERTAD",0 caso ,"EL PORVENIR, TRUJILLO, LA LIBERTAD","EL PORVENIR, TRUJILLO, LA LIBERTAD",130102,Situación actual de Dengue. semana epidemiológica ,2023,Dengue,13,1,7,0,0,Polygon
ICA,PARACAS,PISCO,110505,0 defunción ,2 casos ,2110505,"PARACAS, PISCO, ICA",0 caso ,"PARACAS, PISCO, ICA","PARACAS, PISCO, ICA",110505,Situación actual de Dengue. semana epidemiológica ,2023,Dengue,13,1,2,0,0,Polygon
SAN MARTIN,TABALOSOS,LAMAS,220510,0 defunción ,32 casos ,32220510,"TABALOSOS, LAMAS, SAN MARTIN",7 casos ,"TABALOSOS, LAMAS, SAN MARTIN","TABALOSOS, LAMAS, SAN MARTIN",220510,Situación actual de Dengue. semana epidemiológica ,2023,Dengue,13,2,32,7,0,Polygon
UCAYALI,MANANTAY,CORONEL PORTILLO,250107,2 defunciones ,1088 casos ,1088250107,"MANANTAY, CORONEL PORTILLO, UCAYALI",408 casos ,"MANANTAY, CORONEL PORTILLO, UCAYALI","MANANTAY, CORONEL PORTILLO, UCAYALI",250107,Situación actual de Dengue. semana epidemiológica ,2023,Dengue,13,15,1088,408,2,Polygon
TUMBES,PAMPAS DE HOSPITAL,TUMBES,240104,0 defunción ,2 casos ,2240104,"PAMPAS DE HOSPITAL, TUMBES, TUMBES",0 caso ,"PAMPAS DE HOSPITAL, TUMBES, TUMBES","PAMPAS DE HOSPITAL, TUMBES, TUMBES",240104,Situación actual de Dengue. semana epidemiológica ,2023,Dengue,13,1,2,0,0,Polygon
PIURA,BELLAVISTA,SULLANA,200602,0 defunción ,239 casos ,239200602,"BELLAVISTA, SULLANA, PIURA",29 casos ,"BELLAVISTA, SULLANA, PIURA","BELLAVISTA, SULLANA, PIURA",200602,Situación actual de Dengue. semana epidemiológica ,2023,Dengue,13,75,239,29,0,Polygon
HUANUCO,CODO DEL POZUZO,PUERTO INCA,100902,0 defunción ,128 casos ,128100902,"CODO DEL POZUZO, PUERTO INCA, HUANUCO",128 casos ,"CODO DEL POZUZO, PUERTO INCA, HUANUCO","CODO DEL POZUZO, PUERTO INCA, HUANUCO",100902,Situación actual de Dengue. semana epidemiológica ,2023,Dengue,13,1,128,128,0,Polygon
LA LIBERTAD,JEQUETEPEQUE,PACASMAYO,130703,0 defunción ,1 caso ,1130703,"JEQUETEPEQUE, PACASMAYO, LA LIBERTAD",0 caso ,"JEQUETEPEQUE, PACASMAYO, LA LIBERTAD","JEQUETEPEQUE, PACASMAYO, LA LIBERTAD",130703,Situación actual de Dengue. semana epidemiológica ,2023,Dengue,13,1,1,0,0,Polygon
JUNIN,RIO TAMBO,SATIPO,120608,0 defunción ,31 casos ,31120608,"RIO TAMBO, SATIPO, JUNIN",26 casos ,"RIO TAMBO, SATIPO, JUNIN","RIO TAMBO, SATIPO, JUNIN",120608,Situación actual de Dengue. semana epidemiológica ,2023,Dengue,13,5,31,26,0,Polygon
TUMBES,LA CRUZ,TUMBES,240103,0 defunción ,17 casos ,17240103,"LA CRUZ, TUMBES, TUMBES",0 caso ,"LA CRUZ, TUMBES, TUMBES","LA CRUZ, TUMBES, TUMBES",240103,Situación actual de Dengue. semana epidemiológica ,2023,Dengue,13,5,17,0,0,Polygon
CUSCO,PICHARI,LA CONVENCION,080910,0 defunción ,280 casos ,280080910,"PICHARI, LA CONVENCION, CUSCO",276 casos ,"PICHARI, LA CONVENCION, CUSCO","PICHARI, LA CONVENCION, CUSCO",080910,Situación actual de Dengue. semana epidemiológica ,2023,Dengue,13,19,280,276,0,Polygon
HUANUCO,JOSE CRESPO Y CASTILLO,LEONCIO PRADO,100604,0 defunción ,67 casos ,67100604,"JOSE CRESPO Y CASTILLO, LEONCIO PRADO, HUANUCO",24 casos ,"JOSE CRESPO Y CASTILLO, LEONCIO PRADO, HUANUCO","JOSE CRESPO Y CASTILLO, LEONCIO PRADO, HUANUCO",100604,Situación actual de Dengue. semana epidemiológica ,2023,Dengue,13,4,67,24,0,Polygon
CAJAMARCA,CHILETE,CONTUMAZA,060502,0 defunción ,136 casos ,136060502,"CHILETE, CONTUMAZA, CAJAMARCA",119 casos ,"CHILETE, CONTUMAZA, CAJAMARCA","CHILETE, CONTUMAZA, CAJAMARCA",060502,Situación actual de Dengue. semana epidemiológica ,2023,Dengue,13,22,136,119,0,Polygon
TUMBES,ZORRITOS,CONTRALMIRANTE VILLAR,240201,0 defunción ,71 casos ,71240201,"ZORRITOS, CONTRALMIRANTE VILLAR, TUMBES",10 casos ,"ZORRITOS, CONTRALMIRANTE VILLAR, TUMBES","ZORRITOS, CONTRALMIRANTE VILLAR, TUMBES",240201,Situación actual de Dengue. semana epidemiológica ,2023,Dengue,13,21,71,10,0,Polygon
JUNIN,PERENE,CHANCHAMAYO,120302,1 defunción ,366 casos ,366120302,"PERENE, CHANCHAMAYO, JUNIN",249 casos ,"PERENE, CHANCHAMAYO, JUNIN","PERENE, CHANCHAMAYO, JUNIN",120302,Situación actual de Dengue. semana epidemiológica ,2023,Dengue,13,11,366,249,1,Polygon
UCAYALI,NESHUYA,PADRE ABAD,250304,0 defunción ,48 casos ,48250304,"NESHUYA, PADRE ABAD, UCAYALI",9 casos ,"NESHUYA, PADRE ABAD, UCAYALI","NESHUYA, PADRE ABAD, UCAYALI",250304,Situación actual de Dengue. semana epidemiológica ,2023,Dengue,13,1,48,9,0,Polygon
UCAYALI,PADRE ABAD,PADRE ABAD,250301,0 defunción ,215 casos ,215250301,"PADRE ABAD, PADRE ABAD, UCAYALI",50 casos ,"PADRE ABAD, PADRE ABAD, UCAYALI","PADRE ABAD, PADRE ABAD, UCAYALI",250301,Situación actual de Dengue. semana epidemiológica ,2023,Dengue,13,9,215,50,0,Polygon
PIURA,CATACAOS,PIURA,200105,1 defunción ,350 casos ,350200105,"CATACAOS, PIURA, PIURA",183 casos ,"CATACAOS, PIURA, PIURA","CATACAOS, PIURA, PIURA",200105,Situación actual de Dengue. semana epidemiológica ,2023,Dengue,13,92,350,183,1,Polygon
SAN MARTIN,TOCACHE,TOCACHE,221001,0 defunción ,95 casos ,95221001,"TOCACHE, TOCACHE, SAN MARTIN",60 casos ,"TOCACHE, TOCACHE, SAN MARTIN","TOCACHE, TOCACHE, SAN MARTIN",221001,Situación actual de Dengue. semana epidemiológica ,2023,Dengue,13,19,95,60,0,Polygon
PASCO,PALCAZU,OXAPAMPA,190304,0 defunción ,15 casos ,15190304,"PALCAZU, OXAPAMPA, PASCO",7 casos ,"PALCAZU, OXAPAMPA, PASCO","PALCAZU, OXAPAMPA, PASCO",190304,Situación actual de Dengue. semana epidemiológica ,2023,Dengue,13,3,15,7,0,Polygon
CUSCO,VILLA VIRGEN,LA CONVENCION,080912,0 defunción ,25 casos ,25080912,"VILLA VIRGEN, LA CONVENCION, CUSCO",24 casos ,"VILLA VIRGEN, LA CONVENCION, CUSCO","VILLA VIRGEN, LA CONVENCION, CUSCO",080912,Situación actual de Dengue. semana epidemiológica ,2023,Dengue,13,2,25,24,0,Polygon
LAMBAYEQUE,JAYANCA,LAMBAYEQUE,140304,0 defunción ,7 casos ,7140304,"JAYANCA, LAMBAYEQUE, LAMBAYEQUE",7 casos ,"JAYANCA, LAMBAYEQUE, LAMBAYEQUE","JAYANCA, LAMBAYEQUE, LAMBAYEQUE",140304,Situación actual de Dengue. semana epidemiológica ,2023,Dengue,13,1,7,7,0,Polygon
LAMBAYEQUE,SAÑA,CHICLAYO,140115,0 defunción ,57 casos ,57140115,"SAÑA, CHICLAYO, LAMBAYEQUE",55 casos ,"SAÑA, CHICLAYO, LAMBAYEQUE","SAÑA, CHICLAYO, LAMBAYEQUE",140115,Situación actual de Dengue. semana epidemiológica ,2023,Dengue,13,5,57,55,0,Polygon
SAN MARTIN,SACANCHE,HUALLAGA,220405,0 defunción ,5 casos ,5220405,"SACANCHE, HUALLAGA, SAN MARTIN",4 casos ,"SACANCHE, HUALLAGA, SAN MARTIN","SACANCHE, HUALLAGA, SAN MARTIN",220405,Situación actual de Dengue. semana epidemiológica ,2023,Dengue,13,1,5,4,0,Polygon
LORETO,CONTAMANA,UCAYALI,160601,0 defunción ,197 casos ,197160601,"CONTAMANA, UCAYALI, LORETO",128 casos ,"CONTAMANA, UCAYALI, LORETO","CONTAMANA, UCAYALI, LORETO",160601,Situación actual de Dengue. semana epidemiológica ,2023,Dengue,13,11,197,128,0,Polygon
PIURA,LAS LOMAS,PIURA,200111,0 defunción ,45 casos ,45200111,"LAS LOMAS, PIURA, PIURA",1 caso ,"LAS LOMAS, PIURA, PIURA","LAS LOMAS, PIURA, PIURA",200111,Situación actual de Dengue. semana epidemiológica ,2023,Dengue,13,29,45,1,0,Polygon
LORETO,REQUENA,REQUENA,160501,0 defunción ,113 casos ,113160501,"REQUENA, REQUENA, LORETO",41 casos ,"REQUENA, REQUENA, LORETO","REQUENA, REQUENA, LORETO",160501,Situación actual de Dengue. semana epidemiológica ,2023,Dengue,13,5,113,41,0,Polygon
LAMBAYEQUE,TUMAN,CHICLAYO,140120,0 defunción ,199 casos ,199140120,"TUMAN, CHICLAYO, LAMBAYEQUE",195 casos ,"TUMAN, CHICLAYO, LAMBAYEQUE","TUMAN, CHICLAYO, LAMBAYEQUE",140120,Situación actual de Dengue. semana epidemiológica ,2023,Dengue,13,12,199,195,0,Polygon
UCAYALI,YARINACOCHA,CORONEL PORTILLO,250105,5 defunciones ,1110 casos ,1110250105,"YARINACOCHA, CORONEL PORTILLO, UCAYALI",426 casos ,"YARINACOCHA, CORONEL PORTILLO, UCAYALI","YARINACOCHA, CORONEL PORTILLO, UCAYALI",250105,Situación actual de Dengue. semana epidemiológica ,2023,Dengue,13,14,1110,426,5,Polygon
SAN MARTIN,HUIMBAYOC,SAN MARTIN,220907,0 defunción ,1 caso ,1220907,"HUIMBAYOC, SAN MARTIN, SAN MARTIN",0 caso ,"HUIMBAYOC, SAN MARTIN, SAN MARTIN","HUIMBAYOC, SAN MARTIN, SAN MARTIN",220907,Situación actual de Dengue. semana epidemiológica ,2023,Dengue,13,1,1,0,0,Polygon
LORETO,JEBEROS,ALTO AMAZONAS,160205,0 defunción ,34 casos ,34160205,"JEBEROS, ALTO AMAZONAS, LORETO",2 casos ,"JEBEROS, ALTO AMAZONAS, LORETO","JEBEROS, ALTO AMAZONAS, LORETO",160205,Situación actual de Dengue. semana epidemiológica ,2023,Dengue,13,7,34,2,0,Polygon
JUNIN,SATIPO,SATIPO,120601,0 defunción ,204 casos ,204120601,"SATIPO, SATIPO, JUNIN",184 casos ,"SATIPO, SATIPO, JUNIN","SATIPO, SATIPO, JUNIN",120601,Situación actual de Dengue. semana epidemiológica ,2023,Dengue,13,25,204,184,0,Polygon
LIMA,SAN JUAN DE LURIGANCHO,LIMA,150132,0 defunción ,135 casos ,135150132,"SAN JUAN DE LURIGANCHO, LIMA, LIMA",132 casos ,"SAN JUAN DE LURIGANCHO, LIMA, LIMA","SAN JUAN DE LURIGANCHO, LIMA, LIMA",150132,Situación actual de Dengue. semana epidemiológica ,2023,Dengue,13,46,135,132,0,Polygon
CUSCO,MEGANTONI,LA CONVENCION,080914,0 defunción ,48 casos ,48080914,"MEGANTONI, LA CONVENCION, CUSCO",36 casos ,"MEGANTONI, LA CONVENCION, CUSCO","MEGANTONI, LA CONVENCION, CUSCO",080914,Situación actual de Dengue. semana epidemiológica ,2023,Dengue,13,1,48,36,0,Polygon
PIURA,CHULUCANAS,MORROPON,200401,1 defunción ,1533 casos ,1533200401,"CHULUCANAS, MORROPON, PIURA",525 casos ,"CHULUCANAS, MORROPON, PIURA","CHULUCANAS, MORROPON, PIURA",200401,Situación actual de Dengue. semana epidemiológica ,2023,Dengue,13,244,1533,525,1,Polygon
TUMBES,CORRALES,TUMBES,240102,0 defunción ,125 casos ,125240102,"CORRALES, TUMBES, TUMBES",2 casos ,"CORRALES, TUMBES, TUMBES","CORRALES, TUMBES, TUMBES",240102,Situación actual de Dengue. semana epidemiológica ,2023,Dengue,13,17,125,2,0,Polygon
JUNIN,RIO NEGRO,SATIPO,120607,0 defunción ,54 casos ,54120607,"RIO NEGRO, SATIPO, JUNIN",49 casos ,"RIO NEGRO, SATIPO, JUNIN","RIO NEGRO, SATIPO, JUNIN",120607,Situación actual de Dengue. semana epidemiológica ,2023,Dengue,13,6,54,49,0,Polygon
,,,,0 defunción ,26 casos ,26050513,,25 casos ,,,050513,Situación actual de Dengue. semana epidemiológica ,2023,Dengue,13,1,26,25,0,
,,,,0 defunción ,2 casos ,2080915,,1 caso ,,,080915,Situación actual de Dengue. semana epidemiológica ,2023,Dengue,13,1,2,1,0,
,,,,0 defunción ,8 casos ,8050512,,8 casos ,,,050512,Situación actual de Dengue. semana epidemiológica ,2023,Dengue,13,0,8,8,0,
,,,,0 defunción ,14 casos ,14080916,,14 casos ,,,080916,Situación actual de Dengue. semana epidemiológica ,2023,Dengue,13,0,14,14,0,
,,,,0 defunción ,22 casos ,22080917,,22 casos ,,,080917,Situación actual de Dengue. semana epidemiológica ,2023,Dengue,13,0,22,22,0,
,,,,0 defunción ,2 casos ,2250306,,0 caso ,,,250306,Situación actual de Dengue. semana epidemiológica ,2023,Dengue,13,0,2,0,0,
,,,,0 defunción ,6 casos ,6250307,,3 casos ,,,250307,Situación actual de Dengue. semana epidemiológica ,2023,Dengue,13,0,6,3,0,
,,,,0 defunción ,9 casos ,9221006,,6 casos ,,,221006,Situación actual de Dengue. semana epidemiológica ,2023,Dengue,13,0,9,6,0,
,,,,0 defunción ,10 casos ,10080918,,10 casos ,,,080918,Situación actual de Dengue. semana epidemiológica ,2023,Dengue,13,0,10,10,0,
PIURA,EL ALTO,TALARA,200702,0 defunción ,16 casos ,16200702,"EL ALTO, TALARA, PIURA",0 caso ,"EL ALTO, TALARA, PIURA","EL ALTO, TALARA, PIURA",200702,Situación actual de Dengue. semana epidemiológica ,2023,Dengue,13,8,16,0,0,Polygon
LAMBAYEQUE,MORROPE,LAMBAYEQUE,140306,0 defunción ,3 casos ,3140306,"MORROPE, LAMBAYEQUE, LAMBAYEQUE",2 casos ,"MORROPE, LAMBAYEQUE, LAMBAYEQUE","MORROPE, LAMBAYEQUE, LAMBAYEQUE",140306,Situación actual de Dengue. semana epidemiológica ,2023,Dengue,13,1,3,2,0,Polygon
SAN MARTIN,MOYOBAMBA,MOYOBAMBA,220101,2 defunciones ,379 casos ,379220101,"MOYOBAMBA, MOYOBAMBA, SAN MARTIN",327 casos ,"MOYOBAMBA, MOYOBAMBA, SAN MARTIN","MOYOBAMBA, MOYOBAMBA, SAN MARTIN",220101,Situación actual de Dengue. semana epidemiológica ,2023,Dengue,13,27,379,327,2,Polygon
LORETO,PUNCHANA,MAYNAS,160108,0 defunción ,783 casos ,783160108,"PUNCHANA, MAYNAS, LORETO",279 casos ,"PUNCHANA, MAYNAS, LORETO","PUNCHANA, MAYNAS, LORETO",160108,Situación actual de Dengue. semana epidemiológica ,2023,Dengue,13,34,783,279,0,Polygon
ICA,PARCONA,ICA,110106,0 defunción ,81 casos ,81110106,"PARCONA, ICA, ICA",7 casos ,"PARCONA, ICA, ICA","PARCONA, ICA, ICA",110106,Situación actual de Dengue. semana epidemiológica ,2023,Dengue,13,20,81,7,0,Polygon
AMAZONAS,FLORIDA,BONGARA,010306,0 defunción ,1 caso ,1010306,"FLORIDA, BONGARA, AMAZONAS",0 caso ,"FLORIDA, BONGARA, AMAZONAS","FLORIDA, BONGARA, AMAZONAS",010306,Situación actual de Dengue. semana epidemiológica ,2023,Dengue,13,1,1,0,0,Polygon
ICA,SANTIAGO,ICA,110111,0 defunción ,93 casos ,93110111,"SANTIAGO, ICA, ICA",24 casos ,"SANTIAGO, ICA, ICA","SANTIAGO, ICA, ICA",110111,Situación actual de Dengue. semana epidemiológica ,2023,Dengue,13,13,93,24,0,Polygon
LA LIBERTAD,CHAO,VIRU,131202,0 defunción ,22 casos ,22131202,"CHAO, VIRU, LA LIBERTAD",9 casos ,"CHAO, VIRU, LA LIBERTAD","CHAO, VIRU, LA LIBERTAD",131202,Situación actual de Dengue. semana epidemiológica ,2023,Dengue,13,9,22,9,0,Polygon
SAN MARTIN,PAJARILLO,MARISCAL CACERES,220605,0 defunción ,8 casos ,8220605,"PAJARILLO, MARISCAL CACERES, SAN MARTIN",8 casos ,"PAJARILLO, MARISCAL CACERES, SAN MARTIN","PAJARILLO, MARISCAL CACERES, SAN MARTIN",220605,Situación actual de Dengue. semana epidemiológica ,2023,Dengue,13,1,8,8,0,Polygon
JUNIN,SAN LUIS DE SHUARO,CHANCHAMAYO,120304,0 defunción ,8 casos ,8120304,"SAN LUIS DE SHUARO, CHANCHAMAYO, JUNIN",6 casos ,"SAN LUIS DE SHUARO, CHANCHAMAYO, JUNIN","SAN LUIS DE SHUARO, CHANCHAMAYO, JUNIN",120304,Situación actual de Dengue. semana epidemiológica ,2023,Dengue,13,3,8,6,0,Polygon
LA LIBERTAD,TRUJILLO,TRUJILLO,130101,0 defunción ,28 casos ,28130101,"TRUJILLO, TRUJILLO, LA LIBERTAD",2 casos ,"TRUJILLO, TRUJILLO, LA LIBERTAD","TRUJILLO, TRUJILLO, LA LIBERTAD",130101,Situación actual de Dengue. semana epidemiológica ,2023,Dengue,13,6,28,2,0,Polygon
SAN MARTIN,JUAN GUERRA,SAN MARTIN,220908,0 defunción ,7 casos ,7220908,"JUAN GUERRA, SAN MARTIN, SAN MARTIN",2 casos ,"JUAN GUERRA, SAN MARTIN, SAN MARTIN","JUAN GUERRA, SAN MARTIN, SAN MARTIN",220908,Situación actual de Dengue. semana epidemiológica ,2023,Dengue,13,2,7,2,0,Polygon
SAN MARTIN,MORALES,SAN MARTIN,220910,0 defunción ,197 casos ,197220910,"MORALES, SAN MARTIN, SAN MARTIN",98 casos ,"MORALES, SAN MARTIN, SAN MARTIN","MORALES, SAN MARTIN, SAN MARTIN",220910,Situación actual de Dengue. semana epidemiológica ,2023,Dengue,13,4,197,98,0,Polygon
ICA,ALTO LARAN,CHINCHA,110202,0 defunción ,12 casos ,12110202,"ALTO LARAN, CHINCHA, ICA",3 casos ,"ALTO LARAN, CHINCHA, ICA","ALTO LARAN, CHINCHA, ICA",110202,Situación actual de Dengue. semana epidemiológica ,2023,Dengue,13,5,12,3,0,Polygon
SAN MARTIN,JUANJUI,MARISCAL CACERES,220601,1 defunción ,242 casos ,242220601,"JUANJUI, MARISCAL CACERES, SAN MARTIN",221 casos ,"JUANJUI, MARISCAL CACERES, SAN MARTIN","JUANJUI, MARISCAL CACERES, SAN MARTIN",220601,Situación actual de Dengue. semana epidemiológica ,2023,Dengue,13,10,242,221,1,Polygon
ICA,OCUCAJE,ICA,110104,1 defunción ,18 casos ,18110104,"OCUCAJE, ICA, ICA",2 casos ,"OCUCAJE, ICA, ICA","OCUCAJE, ICA, ICA",110104,Situación actual de Dengue. semana epidemiológica ,2023,Dengue,13,5,18,2,1,Polygon
LORETO,MAZAN,MAYNAS,160106,0 defunción ,26 casos ,26160106,"MAZAN, MAYNAS, LORETO",20 casos ,"MAZAN, MAYNAS, LORETO","MAZAN, MAYNAS, LORETO",160106,Situación actual de Dengue. semana epidemiológica ,2023,Dengue,13,6,26,20,0,Polygon
ICA,PACHACUTEC,ICA,110105,0 defunción ,15 casos ,15110105,"PACHACUTEC, ICA, ICA",0 caso ,"PACHACUTEC, ICA, ICA","PACHACUTEC, ICA, ICA",110105,Situación actual de Dengue. semana epidemiológica ,2023,Dengue,13,1,15,0,0,Polygon
ICA,TUPAC AMARU INCA,PISCO,110508,0 defunción ,29 casos ,29110508,"TUPAC AMARU INCA, PISCO, ICA",2 casos ,"TUPAC AMARU INCA, PISCO, ICA","TUPAC AMARU INCA, PISCO, ICA",110508,Situación actual de Dengue. semana epidemiológica ,2023,Dengue,13,10,29,2,0,Polygon
SAN MARTIN,SAPOSOA,HUALLAGA,220401,0 defunción ,33 casos ,33220401,"SAPOSOA, HUALLAGA, SAN MARTIN",17 casos ,"SAPOSOA, HUALLAGA, SAN MARTIN","SAPOSOA, HUALLAGA, SAN MARTIN",220401,Situación actual de Dengue. semana epidemiológica ,2023,Dengue,13,4,33,17,0,Polygon
LORETO,IQUITOS,MAYNAS,160101,0 defunción ,709 casos ,709160101,"IQUITOS, MAYNAS, LORETO",312 casos ,"IQUITOS, MAYNAS, LORETO","IQUITOS, MAYNAS, LORETO",160101,Situación actual de Dengue. semana epidemiológica ,2023,Dengue,13,34,709,312,0,Polygon
